entity_id,name
Q10001,un/locode:nldev
Q10002,"enschede, netherlands"
Q1000823,Eğin
Q1000871,tuzluca
Q10014,"Kampen, Netherlands"
Q1002697,part publication
Q10027,Baarn
Q1003182,Guelsehir
Q1003885,Pinarhisar
Q1003919,kelkit
Q1003953,kangal
Q1004462,isionda
Q1004480,Tufanbeyli
Q1004526,"sorgun, yozgat"
Q1004642,Doğanşehir
Q1004726,Bulut Basmaz
Q1007545,Galatasaray Lyceum
Q1010205,burak çalık
Q1010206,burak ozsarac
Q1010479,Sincik
Q1011270,Hendek
Q1011282,Hayrabolu
Q1011921,yildizeli
Q1011964,hyssos
Q1012824,History of Kadirli
Q1012828,"lice, turkey"
Q1012854,Sokia
Q1012887,"ereğli, zonguldak"
Q1012901,Burhaniye
Q1012915,sungurlu
Q1012921,develi
Q1012935,"salihli, turkey"
Q1014299,Hanak
Q1016271,Burhan Eser
Q1016283,Burhan Sargun
Q1016967,Bursa Atatuerk stadium
Q1017,Tacheny
Q101730,1998 Fifa World Cup
Q101751,world cup usa 94
Q101859,vfw wolfsburg
Q101959,VfL Borussia Moenchengladbach
Q1019922,Poetuerge
Q1020646,"çankaya, ankara (district)"
Q1020675,Bülent Cevahir
Q1020683,Bülent Kocabey
Q1020698,buelent uygun
Q1021220,Kecioeren
Q1021711,seaside resort
Q1021818,Bay of Adramyttium
Q1022,stuttgard
Q1022230,Oguzeli
Q1022236,cılavuz
Q1023133,susurluk
Q1023140,osmangazi
Q1023145,köylühisar
Q1023153,maidos
Q1023265,"Keban (District), Elazig"
Q1023301,Kamacha
Q1023322,Eğil
Q1023463,Charlottenburger FC Hertha 06
Q1024402,CSO 1919 Amnéville
Q1024463,cs concordia chiajna
Q102720,hertha bsc seasons
Q1027545,"digor, kars"
Q1027550,"selim (district), kars"
Q102805,Tufan Tosunoglu
Q1029159,30 agustos mahallesi
Q102920,Kinas (mascot)
Q10300,Rayo Vallecano de Madrid
Q1030570,Mustafa Saymak
Q10315,Real Sociedad de Futbol
Q1031843,arat can
Q1031846,Can Bartu
Q1033,south-west nigeria
Q1033045,k f c verbroedering geel
Q1033114,Caner Ağca
Q10333,Los Che
Q1033654,cansu yağ
Q10380495,attila sekerlioglu
Q10382469,musa büyük
Q10397035,gürol gündüz azer
Q10397103,Mehmet Yilmaz (defender)
Q10397140,mehmet budak
Q10397239,Mustafa Duruer
Q1040,"Karlsruhe, Germany"
Q10427256,tayfun turkmen
Q10429658,hasan sonmez
Q10433603,Hasan Okan Gültang
Q10433617,mutlu topcu
Q10434601,i̇lker erbay
Q10437559,3000 m steeplechase
Q10437767,ersin gureler
Q10442838,ömer közen
Q1045811,fc dordt
Q1046578,mübariz mansimov
Q10467,"fútbol club barcelona ""b"""
Q104761,tsv bayer 04 leverkusen
Q104770,1. FC Koln
Q1049757,Cookie Cutter Stadiums
Q1050268,Simurq PFC
Q1050331,F.C. Molenbeek Brussels Strombeek
Q10507034,Yunus Altun
Q10511347,i̇brahim türkkan
Q1051164,Cotonsport F.C. Garoua
Q10512,"Elche Club de Fútbol, S.A.D."
Q10514257,caner çolak
Q10520658,Ulvi Güveneroğlu
Q105254,1. fußball- und sportverein mainz 05 e. v.
Q10527397,Husie IF
Q1052760,celal atik
Q10528123,gulcan koca
Q1053251,Cem Demir
Q1053252,Cem Can
Q1053263,cem sultan (footballer)
Q1053268,cem özdemir (footballer)
Q1053271,Cem Islamoglu
Q1053329,cemil tosun
Q1053340,Çemil Turan
Q1053395,Cenk Ahmet Alkılıç
Q1053402,cenk gönen
Q1053450,rbc roosendaal
Q1055,The Free and Hanseatic City of Hamburg
Q10557542,ramazan çevik
Q1057881,Ceyhanspor
Q1057884,ceyhun yazar
Q105844,arminia bielefeld records and statistics
Q105853,Phoenix Karlsruhe
Q105861,VFL Bochum
Q1059924,2008 uefa european under-17 championship
Q1061627,Football Club Emmen
Q106394,s.c. freiburg
Q106748,seyran ates
Q1070800,ali sami yen stadı
Q1071713,vsv (velsen)
Q107401,sebastea (see)
Q107421,VfB Stuttgart II
Q1075978,rasim başak
Q1076448,turkish football league system
Q1076486,Sports facilities
Q107818,fc energie cottbus ii
Q10799295,Trabzon İdmanocağı
Q1084280,Süper Lig 2010-2011
Q10873124,Chess player
Q1088676,2000 UEFA Super Cup
Q10936,Werne
Q1094416,civar cetin
Q1095113,san jose earthquakes (1974-1988)
Q10980,Full distance triathlon
Q110989,neeroeteren
Q111047,Timo Cecen
Q1110567,hatayspor
Q1111374,kf pristina
Q1114411,egemen korkmaz
Q1115783,Oguzhan Berber
Q11173914,Vefa Stadium
Q11183744,Kirikhanspor
Q11194,Rajvosa
Q1121974,Enes Kubat
Q11244,car-bomb
Q1124841,locomotiv plovdiv
Q11274716,Nedim Doğan
Q1127498,sanica boru elâzığspor
Q112868,Fırat Aydınus
Q11303,Supertall structure
Q1130849,Liverpool football club
Q1130961,Hamarkameratene
Q1131109,Maidenhead FC
Q1131508,Derya Buyukuncu
Q1131732,FR Yugoslavia national football team
Q1132418,FC Martigues
Q113245,Murat Yakın
Q1133207,yildirim demiroren
Q113383,serkan çiftçi
Q1134115,san diego toros
Q1135276,Dr. Necmettin Şeyhoğlu Stadium
Q1136732,Spårvägens FF
Q1136967,hammarby talang ff
Q1138348,coskun özari
Q1139271,BC Dynamo Moscow
Q113985,Mehmet Eren Boyraz
Q1140282,north queensland a-league franchise
Q1140767,Degerfors IF
Q1141692,Bank Asya 1.League
Q11420,yuko (judo)
Q11424,movie
Q114487,serdar kurtuluş
Q1147395,ilçe
Q1148720,List of Dempo S.C. managers
Q1149034,top oss
Q1151281,Hami Mandirali
Q1152006,saziye ivegin-karsli
Q1152151,Özkan Yildirim
Q1153560,DHC Delft
Q1154710,football venue (soccer)
Q1157920,dalian aerbin f.c.
Q116332,Gap Hautes Alpes FC
Q117,State of Ghana
Q1170018,Kartalspor
Q11751880,Kübra Öztürk
Q1187762,i̇stanbul maltepespor
Q1187832,deniz aslan
Q1187845,Deniz Kadah
Q1187858,Deniz Vural
Q1187869,atatürk stadyumu (denizli)
Q11886402,Wrestling at the 2016 Summer Olympics
Q118919,eyüp sk
Q118995,mush of the armenians
Q1191998,al-emarat
Q1192574,Qingdao Yizhong
Q11938,Eindhoven Football Club
Q1194951,selección
Q11979,u.d. las palmas
Q1202764,germany women's national under-19 football team
Q120705,DFF
Q12100,Fencing instructor
Q1218,al-quds al-sharif
Q12190906,Süper Lig 2013-14
Q12191,Namnetum
Q122159,Dilaver Satılmıs
Q122346,Hakin Yakin
Q1223508,Achrida
Q12249,Recreativo
Q1226018,Efecan Karaca
Q1226507,F.C. Nieuwkerken-Sint-Niklaas
Q1227320,oğuz sarvan
Q122803,Theodosiopolis (Armenia)
Q1228908,mehmet incebacak
Q12297,villarreal cf
Q1230804,Murat Kayalı
Q1230845,Samet Bulbul
Q1231799,diyarbakir ataturk stadyumu
Q1231804,diyarbakir bueyueksehir belediye diski spor
Q1232124,Mirac Kal
Q1234879,Turkish First Football League 1987-88
Q123705,Area of city
Q123736,yusuf kasal
Q1238755,Selcuk Yula
Q123934,Muğla province
Q124004,Mile End
Q1242664,Merthan Açıl
Q1244411,gokmen ozdenak
Q1248863,i̇hsan poyraz
Q1251405,Semavi Özgür
Q1253472,Doxa Katokopias
Q1253508,gokhan emreciksin
Q1253603,Doğa Kaya
Q12560,Ottoman empire
Q1258369,suat tuerker
Q1258627,kivanc karakas
Q126301,al-salmiya sc
Q126334,r.c. strasbourg
Q1263511,serdar dursun
Q1267220,KDFF
Q1267525,dursun karatay
Q1268421,alper kalemci
Q1270133,Denmark national under-16 football team
Q1270152,Denmark U-21
Q127063,ghars
Q1275189,Uğur Demirok
Q1277549,France Espoirs
Q1277819,Mahmut Tekdemir
Q1279825,o ses türkiye
Q12808171,Turkish Super Cup 2010
Q12808351,akhisar şehir stadium
Q12808383,Bahçeşehir Okulları Stadium
Q12808733,balçova belediyespor
Q12809142,Dar alanda kısa paslaşmalar
Q12809926,hayri gür arena
Q12810050,"Ilica, Cesme"
Q12810162,Kadir Ozcan
Q12810164,Kadri Göktulga
Q12810528,Kütahyaspor
Q12810670,lutfu aksoy
Q12810711,Manavgatspor
Q12811159,Sezai Bacaksız
Q12811267,Osman Alyanak
Q12811793,Serbay Yagiz
Q12811805,serpil hamdi tüzün
Q12812342,Turkey beach soccer team
Q12812709,önder özen
Q12812764,Nazli Cagla Donertas
Q12813021,Izmir Demirspor
Q12813022,Izmir Football League
Q128148,Vestel Manisaspor
Q12838157,cem felek
Q128446,Futebol Clube do Porto
Q1285241,taskin aksoy
Q12876741,Greek men's national under-16 and under-17 basketball team
Q12892,Antwerpt
Q1290838,Murat Akyuez
Q1291159,Sinan Kurumus
Q1293904,umut sozen
Q1295,history of dortmund
Q1295765,efe özarslan
Q1295771,Efe Inanc
Q129588,Ediz Bahtiyaroglu
Q1296,Ghent
Q129649,İzmit
Q1300929,Metin Oktay
Q1301501,Erdal Çelik
Q1304877,Metin Diyadin
Q130539,Karacabey
Q130553,Manisa Ili Province
Q1306551,ocean boys fc
Q1309,maestricht
Q131075,Football World Cup 1954
Q131209,wiener amateure
Q131215,Sportklub Rapid Wien
Q131239,2000 European Football Championship
Q13124930,"soma, turkey"
Q131263,army barracks
Q13127,"Saint-Nicolas, East Flanders"
Q131293,Mardin province
Q1313472,Erdoğan Arıca
Q131364,Knicks
Q131384,malatya ili
Q131499,"S.L. Benfica - Futebol, S.A.D."
Q131597,Kırklareli Province
Q131603,TSV Munich
Q131612,"Wiener Neustadt, Austria"
Q1322532,Tolga Unlu
Q1323520,ekrem ekşioğlu
Q1323847,metin aktas
Q1324416,Turkish Premier Basketball League
Q1325035,elazığ atatürk stadium
Q13256507,Fatih Ozturk Trabzonspor
Q1326381,sezer özmen
Q132880,The Raptor
Q132885,l'om
Q133118,Balıklıgöl Statue
Q1333501,Yigitcan Erdogan
Q1338407,koray colgecen
Q13385,Real Spal
Q1339086,ludogorets razgrad
Q1339518,emrah bassan
Q1339529,emrah eren
Q1339533,Emrah Tuncel
Q1339542,emre aktaş
Q1339548,Emre Aygun
Q1339555,emre balak
Q1339573,Emre Nefiz
Q1339574,emre kilinç
Q1339575,emre gurbuz
Q1339591,emre torun
Q1339593,Emre Turan
Q1339595,Emre Özkan
Q1339600,emre ozturk (footballer born 1986)
Q1339601,emre toraman
Q1339606,"emre ozturk (footballer, born 1992)"
Q1339619,Emrullah Salk
Q1339629,emre colak
Q13397712,Borussia Mönchengladbach Amateure
Q1340350,Ender Konca
Q13406463,lists
Q134073,FC Magna Wiener Neustadt
Q13407931,Ahmet Yılmaz Çalık
Q13410316,Ethem Sarısülük
Q13416768,iraklis
Q13418161,kalyon group
Q13420226,Taylan Aydogan
Q1342342,Engin Bekdemir
Q134241,Feyenoord Rotterdam
Q13426883,FC Viktoria Berlin
Q134287,Bishopric of Tarsus
Q134291,"mersin, turkey"
Q1343243,Tarık Langart Akdağ
Q1343408,Fevzi Tuncay
Q1345726,badminton at the 2012 summer olympics - women's singles
Q134703,"maraş, turkey"
Q1347229,royal football club de liege
Q1347349,pendik s.k.
Q1347836,osman arpacıoğlu
Q1347927,Tepecik Belediyespor
Q1348172,eray ataseven
Q1348179,eray birnican
Q1348189,Veria FC
Q1348587,ercan yıldız
Q1348710,erdal akdarı
Q1349081,erdem sen
Q1349279,Erdinc Yavuz
Q1349418,"Yeşilyurt, Erdoğan"
Q1349995,Eren Aydin
Q1349998,eren tozlu
Q1350006,Eren Ozen
Q1350010,Eren Güngör
Q1350603,Ergin Keles
Q1350730,erhan altin
Q1350734,erhan kartal
Q13507703,Football at the 2013 Mediterranean Games
Q1351014,Bugsasspor
Q1351037,Turgutluspor
Q1351045,Nazillispor
Q1351072,Fethiye S.K.
Q1351085,tarsus i̇dman yurdu
Q135220,turkey national futsal team
Q13534332,Young PSV
Q1353591,rıdvan dilmen
Q13539238,Erdal Rakip
Q1354966,Erkam Reşmen
Q1354977,Erkan Sekman
Q1354983,erkan taskiran
Q1355014,erkan zengin
Q13551313,tarik altuntas
Q1355401,metin erol
Q1356248,Erzincanspor
Q1356276,Yalovaspor
Q13572006,deniz turuc
Q13581008,Hafize Sahin
Q13582652,public works engineer
Q1359223,murat akin
Q1361264,erol togay
Q1361314,mehmet seyfettin sedef
Q13613646,Muratpaşa Belediyesi Spor Kulübü
Q136217,Upper armenia in the middle ages
Q1362415,ertan adatepe
Q1362422,Kazım Ersun Yanal
Q1362439,Özbir
Q13633679,ferhat kaya
Q1364743,Gleizé
Q1365667,Jakup Jimmy Durmaz
Q1366105,Semih Kaya
Q1366156,ogun temizkanoglu
Q1366316,erzurumspor
Q1367507,FC Schaan
Q1367845,eskişehir atatürk stadyumu
Q1368064,malatyaspor
Q1368072,yeşildirek s.k.
Q1368791,hikmet balioğlu
Q1369009,Tolgahan Acar
Q1369461,sakaryaspor
Q1369558,winger (rugby league)
Q1371178,ethem pülgir
Q1371330,ethnikos asteras
Q1371345,Ethnikos Piraeus F.C.
Q1372503,Vilayet of Damascus
Q1372529,FireFireTo
Q1372691,Eşref Apak
Q1372790,mustafa dagistanli
Q1372805,Suat Kaya
Q1372826,onur recep kivrak
Q1373065,Okay Yokuslu
Q1374883,Kerim Bulut
Q137499,fv homburg
Q1378286,ali tandogan
Q1378299,Cakmak Yasin
Q1378770,Hakan Unsal
Q1378780,hakkı tolunay kafkas
Q1380273,Veysel Sari
Q138089,Syracuse Nationals
Q138230,Kasımpaşa S.K.
Q138248,sint-truidense v.v.
Q1382648,evren özyiğit
Q138280,Philadelpheia
Q1383232,guerhan guersoy
Q1383556,yaser yildiz
Q1383571,saffet sancakli
Q1383598,nalbantoğlu
Q1384117,tolga seyhan
Q138484,bekir refet
Q1385152,turkey women's national under-19 football team
Q13860876,Cedi Osman
Q1386860,FC Angoulême
Q1386892,fc blazers
Q1386893,Bangkok Glass F.C.
Q1386965,fc bülach
Q1387158,FC Geistingen
Q1387175,Histon F. C.
Q1387210,F.C. Jeunesse Canach
Q1387222,fc jokerit
Q1387261,fc kreuzlingen
Q1387417,fc neugersdorf
Q1387445,fc pasching
Q1387794,FC Unterfohring
Q1387887,fc wiltz 71
Q1388131,flaesheim-hillen
Q1388570,Ali Riza Sergen Yalcin
Q1388695,pfc svetkavitsa targovishte
Q1388875,serkan kurtulus
Q1388893,fc etar veliko tarnovo
Q1388923,hüseyin cimşir
Q1388954,mehmet özdilek
Q1389025,fk matador púchov
Q1389115,Pini Balili
Q1389938,fv ravensburg
Q1390540,Yusuf Erdogan
Q13918566,omar kavak
Q13933783,1924-25 istanbul football league
Q1394807,tayfur havutcu
Q1396846,Sinan Kaloglu
Q1397180,1991–92 Turkish First Football League
Q1397194,Faruk Bayar
Q1397195,faruk gül (footballer)
Q1398093,Fatih Avan
Q1398111,Fatih Karagumruk SK
Q1398115,Fatih Yilmaz
Q1398117,Fatih Yiğituşağı
Q1398118,fatih yigen
Q1398126,fatih şen
Q1398186,fatma kara
Q1401074,goksu turkdogan
Q1401328,mert günok
Q140157,zafer biryol
Q140159,zafer yelen
Q140160,Zafer Cevik
Q140168,Zafer Özgültekın
Q1401688,yasin kocatepe
Q14028172,1930–31 istanbul football league
Q140299,Oguzhan Aynaoglu
Q1404649,fenerbahçe i̇stanbul
Q1404659,Fenerbahçe women's volleyball
Q1406253,Ferhat Kiskanc
Q1406254,Ferhat Odabaşı
Q1406281,feride bakir
Q1406334,Feriköy SK
Q14085739,Sailboat racer
Q1409422,Gokhan Gumussu
Q14118284,eintracht frankfurt u23
Q1414112,Filiz Koç
Q1414819,sportfreunde ricklingen
Q14162204,1946–47 istanbul football league
Q1417164,ASK Olympiakos Volos F.C.
Q1417287,panserraikos fc
Q1418755,kaya tarakcı
Q141882,BSG Wismut Aue
Q141931,vp dresden
Q141971,1. FC Union Berlin II
Q1419830,Yavuz Eraydin
Q142,iso 3166-1:fr
Q142005,F. C. Hansa Rostock
Q1420267,Yeni Rize Şehir Stadium
Q1420393,galatasaray medical park
Q1422367,hakan arslan
Q1423118,Goztepe S.K.
Q1423718,k. a. s. eupen
Q1427266,harun doğan
Q1429170,Alibaz
Q1430729,sarıçam district
Q1431996,quimper kerfeunteun football club
Q14321024,Meriç Banu Yenal
Q1438894,turkish first football league 1976–77
Q1439300,ahmet oguz cetin
Q1440146,kerem can akyuz
Q1440540,Onur Tuncer
Q1441174,hasan vural
Q144190,SC Levski Sofia
Q1442067,Ufuk Sarica
Q14454131,tufan ozbozkurt
Q14454182,Burak Kardeş
Q14468463,cihat çelik
Q14470178,taha can velioglu
Q1448582,ismail budak
Q145,royaume-uni
Q1450557,France national under-18 football team
Q1450568,France national under-17 football team
Q14510650,"Ulubey (district), Ordu"
Q14542497,muhittin basturk
Q1454575,kadir akbulut
Q14551682,Levin Mete Öztunali
Q14551982,TSG Ulm 1846
Q1457850,tolga doğantez
Q14596539,semiha mutlu
Q1460053,giorgos zabaras
Q14623225,"onur bulut (footballer, born 1994)"
Q14624791,volkan okumak
Q14637461,Enes Unal
Q1463828,Iwuanyanwo Nationale Owerri
Q146416,Bexly
Q14659729,Ozan Papaker
Q1467574,5 ocak stadium
Q1470401,TFF Third League
Q147089,history of manisa
Q1471939,Onur Karakabak
Q1473386,paykan fc
Q1473521,1971-72 Turkish First Football League
Q1474239,K. F. C. Dessel Sport
Q147523,turkey at the 1928 summer olympics
Q147630,"zārā, sivas, turkey"
Q147756,"khasavyurt, russia"
Q14776381,Vedat Bora
Q14776423,Ahmet Bahçıvan
Q14776693,hasan hüseyin acar
Q14776723,Burak Altiparmak
Q14778657,okan adil kurt
Q148,prc (china)
Q14853,nürtingen
Q14859,Onolzbach
Q14863299,arzu karabulut
Q14870,History of Siegburg
Q1487904,cevad prekazi
Q14896,Diedenbergen
Q14901,wuerselen
Q14910,R-41 Schwäbisch Hall
Q1491215,Mustafa Reşit Akçay
Q14914703,articles for creation/vodafone arena
Q1491709,"galatasaray, beyoğlu"
Q14930393,Ilker Sayan
Q1493501,Kadir Has Stadium
Q14950,reihen
Q1498622,sueleyman koc
Q1499558,gokhan gulec
Q1501893,SpVgg Wilhelmshaven 05
Q1502683,turkish first football league 1998–99
Q1505486,kamil ocak stadı
Q1505544,2000–01 1.Lig
Q15056601,hakan cinemre
Q15057751,furkan soyalp
Q15057775,doğanay kılıç
Q15058975,sinan bakis
Q15060047,Payas Belediyespor 1975
Q15060070,Tuzlaspor
Q1506920,Turkish First Football League 1995–96
Q15076827,oguzhan kayar
Q1507977,Manisa 19 Mayis Stadium
Q1508861,serdar deliktaş
Q1509024,1994-95 1.Lig
Q1510813,south melbourne soccer club
Q15120200,sweden national under-18 football team
Q15123187,Partiya Demokratik a Gelan
Q15126761,SV Pullach
Q1513366,Orhan Ovacıklı
Q15156139,uğur yılmaz
Q1515689,"Tamer Tuna (footballer, born 1976)"
Q1516624,Košarkarsko društvo Slovan
Q151747,Düsseldorfer FK Fortuna 1911
Q15180,SU (country)
Q1518239,1977-78 Turkish First Football League
Q1518594,1992-93 1.lig
Q1518636,19 eylul stadi
Q1518824,selim ay
Q1520442,Jomo Cosmos
Q1521540,Salih Dursun
Q15224541,belgium national under-18 football team
Q15224689,kubilay aktaş
Q15234187,mustafa akçay
Q1524,Атина
Q15243385,macit ozcan sports complex
Q15260415,1. fc bruchsal
Q1526515,muangthong united f.c.
Q1526679,giray bulak
Q1526701,giresun atatürk stadium
Q15274940,onur akdoğan
Q15280453,fuat buruk
Q1530,mama ayser center
Q15306277,atabey cicek
Q1530663,huseyin kartal
Q153535,alemannia aachen squad
Q153539,SpVgg Fürth
Q1535701,izmit ismetpasa stadium
Q1536304,Mehmet Kara
Q15363466,Tuğrul Erat
Q1536543,Tampines Rovers Football Club
Q1536956,Kecioerenguecue
Q1538014,1980–81 Turkish First Football League
Q1538047,1979-80 Turkish First Football League
Q1538375,1986-87 1.Lig
Q1538382,1983–84 1.lig
Q1538396,1972–73 1.Lig
Q1538406,turkish first football league 1975–76
Q1538412,1978-79 1.Lig
Q1538421,turkish first football league 1974-75
Q1538428,1981-82 1.lig
Q153969,"lindau, lake constance"
Q1539875,Turkish First Football League 1990–91
Q1539882,1988–89 1.Lig
Q15402153,Metin Sevinc
Q154053,Eintracht Braunschweig
Q154069,3. Liga
Q1540765,Bunkeflo IF
Q15409451,i̇brahim sürgülü
Q15410709,Kemal Yıldırım
Q15416,cour (tv production)
Q1542713,minnesota thunder
Q1542781,fc swift hesperange
Q154293,MSV Duisburg matches
Q15429864,ecevit kilic
Q1543,i rossoneri
Q1543487,Altay Alsancak Stadium
Q1543501,Giresunspor
Q1545818,Ali Artuner
Q1546943,Alper Uludağ
Q154715,Mempelgard
Q15493338,gokhan karadeniz
Q155,Brzil
Q1550964,Yasin Sülün
Q155186,sc motor jena
Q155218,Rot-Weiss Essen squad
Q155219,nigde province
Q1553052,Nisibin
Q155452,FV 1911 Neuendorf
Q1555252,VfL Herzlake
Q155564,Aegean Region (geographical)
Q155730,1.fc magdeburg
Q1557921,Maldives National Stadium
Q155915,kastamon
Q1559253,Gökhan Akkan
Q1559254,Gökhan Alsan
Q1559257,gokhan degirmenci
Q1559261,gokhan erdogan
Q1559266,gökhan kaba
Q1559269,gökhan süzen
Q1559272,gokhan yavaser
Q1559274,gökhan öztürk
Q1559987,"Göztepe, Istanbul"
Q1560098,Güleryüz
Q1560186,Günay Güvenc
Q15613741,bilal başaçikoğlu
Q15614622,leyla güngör
Q15616019,Gamze İskeçeli
Q1562026,Güray Vural
Q1562318,güven varol
Q1562324,Guvenc Kurtar
Q15632405,Muhammed Bayir
Q15636168,aus fb w-league mv
Q1563674,turgay golbasi
Q15642808,Pınar Yalçın
Q15646673,ibrahim halil keser
Q15649515,sydney fc w-league
Q15651896,erol erdal alkan
Q1565781,sv tasmania
Q15662715,seyhan gunduz
Q156638,Halil Altıntop
Q15665466,Levent Gulen
Q15683469,Sinan Keskin
Q1568867,KV Turnhout
Q1569824,hasan hakan hacıbektaşoğlu
Q1569830,Hakan Kutlu
Q1569840,hakan söyler
Q1569846,hakan turan
Q157020,RW Oberhausen
Q157024,"tetovo, macedonia"
Q15708673,emre can coşkun
Q1571109,halil akbunar
Q1571121,halil zeybek
Q1571125,Halil Ibrahim Dincdag
Q15712763,seddar karaman
Q15712800,kerim avcı
Q15712806,Erman Bulucu
Q15715542,ahmet sahbaz
Q15715544,mehmet gurkan ozturk
Q1572458,haluk ulusoy
Q15725860,emre uruç
Q157352,fsv frankfurt
Q1573871,Mahmut Yilmaz
Q157463,FV Saarbruecken
Q157464,Bayer Uerdingen
Q15755,fc augsburg
Q15781883,ahmet aras
Q157828,sv holstein kiel
Q15786,1. FC Nurnberg
Q15787808,berkan emir
Q15788761,birol parlak
Q15789,fußball-club bayern münchen
Q15790897,Canberk Dilaver
Q15799,Club Atlético River Plate Vóley Femenino
Q15808286,Erdal Pekdemir
Q15808321,Erhan Celenk
Q158121,spielvereinigung unterhaching
Q15814426,hasan batuhan artarslan
Q15838511,emre simsek
Q15838887,ogulcan caglayan
Q15839429,Kenan Karisik
Q15843660,sv rödinghausen
Q1584904,siirtspor
Q1585149,Varbergs BoIS
Q1585196,Aksu Mardan Sports Complex
Q15852309,Ugur Dasdemir
Q15852795,vfr garching
Q15855969,çağlayan alpsatan
Q15856031,Ömer Kandemir
Q15856866,berkan afsarli
Q15857220,Deniz Siğa
Q15857490,Emre Taşdemir
Q15859822,Kızılcabölükspor
Q15867372,Muğdat Çelik
Q1586921,moonee ponds west primary school
Q1587824,Harun Tekin (footballer)
Q15879323,muhammed ali doğan
Q1588087,hasan ayaroglu
Q1588094,Hasan Ali Kaldirim
Q1588116,Hasan Erbey
Q1589958,mehmet akyuz
Q15901932,Kenan Karaman
Q15907812,meizhou wuhua f.c.
Q15912478,kardeş payı
Q1591836,haydar yılmaz
Q15920956,trabzon düzyurtspor
Q15925184,Emrah Kuş
Q15972883,1. fc köln ii
Q159729,sa spurs
Q15975583,Fatih Kıran
Q15977874,Yusuf Ziya Öniş Stadium
Q15979745,Irfan Buz
Q159835,Batman City
Q159930,dynamo berlin ii
Q159936,Kickers Offenbach
Q159979,Dizygotic Twins
Q16005896,omer tanyeri
Q16012049,Omer Boncuk
Q16018,Borghorst
Q1603268,Hilmi Mihci
Q160450,"samsun, turkey"
Q160506,saint-denis (seine-saint-denis)
Q160530,vfl osnabrueck
Q160532,tus paderborn-neuhaus
Q16057255,2008 pfc cska moscow season
Q16069232,selman sevinç
Q1607137,Point Forward
Q16079,Nienburg/Weser
Q160826,Sweden national football team
Q16083,Deggendorf
Q1609430,olcay turhan
Q16096,"vechta, germany"
Q16100,Affstätt
Q161034,sv wacker burghausen squad
Q1610479,sancak kaplan
Q16105,bad nauheim
Q16107,Ottbergen
Q16116,Forchheim
Q161337,OrlandoMagicCoach
Q161345,Houston Rocket
Q16145548,kâmil altan
Q16148375,Hasret Altindere
Q16148566,suleyman aktas
Q1615342,sc dornach
Q16155046,2012-13 turkish women's volleyball cup
Q161554,FC Karl-Marx-Stadt
Q16159429,ferhat ayaz
Q1616075,television corporations
Q1617758,ozan özkan
Q1618057,Hikmet Karaman
Q16198599,cigdem belci
Q162007,1. CfR Pforzheim
Q16201447,nurhan cakmak
Q16207151,Ayse Diker
Q16209085,Beykoz 1908 S.K.D.
Q16209370,Lutfiye Ercimen
Q16210237,Sevgi Çınar
Q16210374,sevinc corlu
Q16210572,Nuray Deliktaş
Q16210606,Yeşim Demirel
Q16210625,Ekrem Boyali
Q16210635,elif deniz
Q16210888,jennifer burcu düner
Q16210954,eylul elgalp
Q16211751,Dilan Gökçek
Q16212684,sevilay imamoglu ocal
Q16212705,Helga Nadire İnan Ertürk
Q16213104,oğuzhan biçer
Q16213310,Hilal Tuba Tosun
Q16218710,Orel Oral
Q162220,1. FC Eschborn
Q16222085,ayşenur taşbakan
Q16222336,zeynep murat duran
Q16223342,hatice bahar özgüvenç
Q16223432,reyhan şeker
Q16223996,Ozlem Yasemin Taskin
Q162251,heidenheimer sb
Q16225717,didem karagenc
Q16225875,Ceren Nurlu
Q16225880,seval kirac
Q1622596,Veysel Aksu
Q16227431,fatma şahin (footballer)
Q16227926,didem taş
Q16228040,ebru topçu
Q16228401,Berna Yeniceri
Q16229973,Ezgi Caglar
Q16230026,Mert Can
Q162309,1. FC Lübars
Q162317,Lokomotiv Leipzig
Q16233110,sibel duman
Q16235321,burak demiregen
Q16236120,Emine Ecem Esen
Q162364,FC Pforzheim
Q16236804,Burak Can Kalender
Q16239720,Olmaz
Q162408,Tatran Prešov
Q162436,1. FFC 08 Niederkirchen
Q162472,FC Dukla
Q1624749,Turkey U-21
Q1625241,mehmet sıddık istemi
Q162581,i̇smail konuk
Q1628465,TKİ Tavşanlı Linyitspor
Q162990,Moondog - Cavaliers
Q1632362,Maccabi Herzliyya
Q1633347,Serdar Apaydin
Q16334,casale calcio
Q163424,1.SC Feucht
Q163534,Austria national football team
Q1636001,Alibeykoeyspor
Q1636012,petrol ofisi s.k.
Q1636019,alanyaspor
Q163694,1. Wiener Neustadter SC
Q163740,Not for profit organization
Q1639115,1968–69 Turkish First Football League
Q1640452,Mardinspor
Q164134,usmnst
Q164177,phoenix suns gorilla
Q16442106,Ibrahim Serdar Aydin
Q16465992,Sidespor
Q1649344,Ergin Ataman
Q16509502,abdullah yılmaz
Q165141,swiss football team
Q1652459,husamettin tut
Q1652469,Huseyin Atalay
Q1652477,huseyin kala
Q1652479,Huseyin Kalpar
Q1652487,huseyin avni aker stadium
Q1652491,Huseyin Tok
Q1652495,huseyin yogurtcu
Q16525407,1. FC Kaiserslautern Amateure
Q16525419,1. FSV Mainz II
Q16533,Judge (United States)
Q16536906,Bayer 04 Leverkusen II
Q165529,Memphis Grizzlies
Q16559523,Eintracht Braunschweig II
Q165995,List of people from Malatya
Q166105,Sacramento Kings roster
Q16611580,New Izmir Stadium
Q1661819,Rizvan Sahin
Q166196,poland soccer
Q16620991,ömer çubukçu
Q16632351,i̇brahim demir
Q16632625,tarsus arena
Q16632724,Ünye İlçe Stadium
Q16632727,siirt atatürk stadium
Q16632746,Isparta Atatürk Şehir Stadyumu
Q16637410,TSG 1899 Hoffenheim II
Q166496,étoile carouge fc
Q1666067,Sandiklispor
Q166624,ilham tanui ozbilen
Q1668203,Lommel Untied
Q166824,Afyonkarahisar
Q1668605,Kahramanmarasspor
Q166882,istanbul sapphire
Q1669847,Lommel S.K.
Q16707802,yücel uyar
Q1671606,nihat sahin
Q167219,ilqar qurbanov
Q16727338,bilgesu aydin
Q16727339,ebru aydin (footballer)
Q16727811,Atılay Canel
Q16727888,Cem Tosun
Q1672798,Republic of Ireland U-21
Q16728489,damla demirdön
Q16729491,Nur Mustafa Gülen
Q16735333,mevlude ozturk
Q1674041,Sakıb Aytaç
Q1674172,İbrahim Tusder
Q1674834,Istanbul Marathon
Q1675351,Ituano FC
Q1676156,Izmirspor
Q167729,Mehmet Sak
Q1679118,2012-13 Super Lig
Q1680249,Västerås SK FK
Q168197,history of adıyaman
Q16820447,İskenderun Belediye Gençlik ve Spor
Q16822200,mehmet salim satiroglu
Q16835311,erzin belediyespor
Q16835319,reyhanlı belediyespor
Q16835809,dostluk spor
Q16838149,dallas city fc
Q16838201,fenerbahce s.k. academy
Q168397,romanian national team
Q16842542,kdz. ereğlispor
Q16844507,maltepe yalıspor
Q16850072,si̇lopi̇ cudi̇spor
Q16850169,Sitespor
Q16850383,Sohar Club
Q16852458,Trabzon Telekomspor
Q1685324,Osman Bozkurt
Q16858501,Turkey at the FIFA World Cup
Q16860061,sinan tekerci
Q168660,Portadown F. C.
Q16869,constantinopolis
Q168866,Eski-Shehr
Q16900511,st symeon
Q16902134,Yasam Goksu
Q16908483,muhammed akarslan
Q16908994,Yunus Emre Yalcin
Q16909049,Muhammet Akyildiz
Q16910563,Kemal Aydin
Q16914127,Hüseyin Tavur
Q16935008,Emine Gumus
Q16937968,Mert Hakan Yandaş
Q16941152,Ulkuspor
Q16952042,Milenyum Paten SK
Q16952065,Wacker Burghausen II
Q16954992,narmanspor
Q16958457,turkish airlines open
Q1696213,sedat özden
Q169637,Milwaukee Bucks
Q169661,Fort Wayne Zollner Pistons
Q16967914,Pune ISL team
Q16971061,Asasspor 1972
Q16974096,Dörtyol Gençlerbirliği
Q1699597,Ali Hamdemir
Q1699998,kemal tokak
Q17000884,marmara universitesi spor
Q170040,FC Iskra Kazan
Q170105,stuttgarter kickers seasons
Q170107,FC Rot Weiß Erfurt
Q17011625,Yonca Şentürk
Q170117,FC Ingolstadt
Q170125,rot-weiss ahlen ii
Q170134,waldhoff mannheim
Q170157,wuppertaler sv borussia
Q17042,oakland (california)
Q1704450,josef cinar
Q17045538,berk tuna
Q170457,joselassar
Q17045723,ianis hagi
Q17045898,levent açıkgöz
Q17046219,okan kocuk
Q17046287,selim koray
Q17046975,Necdet Senturk
Q17048388,Özgür Yılmaz (footballer)
Q17051044,mahalle
Q170532,titular archbishop of amasea
Q17059591,derince belediyespor (women)
Q17064123,Mehmet Çolak
Q170649,JazzCoach
Q1707,history of kiel
Q17082596,Şeref Görkey
Q170967,denizli
Q171031,isparta
Q1712924,nazan bulut
Q171401,futsol
Q1715,"Hannover, Germany"
Q17151,Salonika
Q1716782,mehmet cogum
Q1717999,yilmaz ozlem
Q1718,un/locode:dedus
Q17180585,Basak Ersoy
Q171810,Coracesium
Q17182942,ay-yildiz stadium
Q17182993,basaksehir fatih terim stadium
Q17183313,serhat çakmak
Q171866,middlesbrough dock
Q1719496,Kaan Kanak
Q17198637,Hanife Demiryol
Q172014,Ghanaian national football team
Q1720957,Kadir Keleş
Q1721,wiesbaden
Q1721050,metin aslan
Q172247,Fussball Club Schaffhausen
Q172267,Budrum
Q1722875,kamber arslan
Q1723232,uğur kavuk
Q172567,Besiktas Jk
Q1726,monaco of bavaria
Q1726558,volkan arslan
Q1726997,rebii erkal
Q1727116,kerem şeras
Q1727628,1969–70 1.Lig
Q1728892,Karacasu
Q172964,Goalkeeper
Q17296465,funda payan
Q172969,FC Ugolshchiki Stalino
Q173009,Red Star Beograd
Q17305766,hilal çetinkaya
Q17305995,kader hançar
Q17306017,gülbin hız
Q17306366,esra ozkan
Q1730906,kedah f.c.
Q173310,kirkuk (city)
Q1734,🏐
Q1734764,pınar karşıyaka
Q17364602,Emircan Koşut
Q1737,bregenz
Q1737417,Kayacan Erdogan
Q1738446,Kemal Kücükbay
Q1738452,Kemal Okyay
Q17385626,hilal başkol
Q17385882,Ümit Yücel Eminoğlu
Q1738690,kenan ozer
Q17396881,Turgutlu
Q17403154,ferhat akbaş
Q174045,Ozgur Cek
Q174060,mamuretuelaziz
Q1741,W
Q17418255,mehmet sığırcı
Q17418282,Mehmet Tas
Q17418336,baris yardimci
Q17431648,Osman Denizci
Q17432101,muhammed alperen uysal
Q17432155,ferhat yazgan
Q174341,Iskenderiye
Q17460326,sefa i̇şci
Q17465651,ercan aydogmus
Q17465825,damla coban
Q17466116,buse güngör
Q17466592,Umran Ozev
Q17479,Mengão
Q17480799,ali yasar
Q17484164,Selim Gunduz
Q17486376,sports shooter
Q1748946,Köksal Yedek
Q1749051,erman kunter
Q1749746,Cataguases
Q17499332,chu en-le
Q17507999,afyonkarahisar stadi
Q17508044,akhisar stadium
Q17509027,emrah cebeci
Q17509645,beykoz arena
Q17512831,New Eskisehir Stadium
Q17512849,new gaziantep stadium
Q17512881,New Sakarya Stadium
Q17512892,new turgutlu stadium
Q17523870,Handan Kurğa
Q175309,Cameroonian National Football Team
Q1753193,raa la louvière
Q175323,adapazar
Q175335,mahmut hanefi erdoğdu
Q1754,STHLM
Q17540063,Emre Akbaba
Q1756477,league system
Q1757369,yozgatspor
Q17590736,Orhan Aktas
Q176086,"derik, turkey"
Q17612189,orkan cinar
Q176371,OPPV Moscow
Q176569,emrecan
Q1767191,eminonu
Q176795,Karşıyaka S.K.
Q176850,Bahlinger SC II
Q176883,World championship football 2010
Q1769032,1963–64 Turkish Second Football League
Q1770357,recep tayyip erdoğan stadium
Q1770361,jong afc ajax
Q17708749,i̇rfan kahveci
Q17708928,numan emre bayraktaroğlu
Q177220,vocalist
Q1775820,kasımpaşa (district)
Q177806,Cihan Kaptan
Q177880,yatağan district
Q1780954,TFF Second League/doc
Q1781239,turk telekom b.k.
Q178148,Fahri Tatan
Q178168,mitrovicë
Q178180,orduspor
Q1783571,torku şekerspor
Q1784233,Koray Şanlı
Q1784234,Koray Icten
Q178545,Vedat İnceefe
Q178561,battle
Q1786335,1959–60 Turkish National League
Q1788015,kırıkkalespor
Q1789768,1960–61 Turkish National League
Q1794,Frankfort-on-Main
Q1795846,Mehmet Uslu
Q1796908,Adem Guven
Q1797516,Kırklarelispor
Q1797544,Pursaklarspor A.Ş.
Q17989029,Cistern of Aetius
Q179930,canakkale dardanelspor
Q18012228,Muhammed Mert
Q180126,hauwitzer
Q18018663,bayburt grup özel i̇darespor
Q18020584,Shooting at the 2016 Summer Olympics
Q18024471,MSV Duisburg II
Q1802469,yenal tuncer
Q18030084,çağlar şahin akbaba
Q180563,euro 96
Q18057189,Saffet Kaya
Q1806227,binnaz uslu
Q18066902,Dzhemal Kyzylatesh
Q1807026,malmö ff dam
Q18071966,çine madranspor
Q180800,azerbaijan fc
Q18080337,Çatalcaspor
Q1808209,Turkish First Football League 1963–64
Q180845,Bulgaria football team
Q18085174,niğde belediyespor
Q180924,abdurrahman dereli
Q1811026,netherlands national u-21 football team
Q181190,nogometna reprezentacija bosne i hercegovine
Q181216,Hadjuk Split
Q18122813,Tolcay Ciğerci
Q18122988,alekos iordanou
Q18126940,Minareli Çavuş Stadium
Q18127493,SSV Jahn Regensburg II
Q18128465,stuttgarter kickers amateure
Q18128783,ayfer topluoglu
Q18128888,Turkey at the UEFA European Football Championship
Q18128942,turkey women's national under-17 football team
Q1812901,Suat Usta
Q181379,osmaniye
Q1814406,2014AthleticsWorldIndoorChampionships
Q18145129,Tirespor 1922
Q1814928,Çetinkaya Türk SK
Q18164861,Gazikentspor Women's Football Club
Q18165014,Ilkadim Belediyesi Yabancilar Pazari Spor
Q18165060,karsiyaka besem spor
Q18169139,Cansu Koksal
Q18176342,68 yeni aksarayspor
Q181930,nigerian national football team
Q18193712,track and field at the 2016 summer olympics
Q182009,rhaidestos
Q182025,ak-serai
Q18204912,Semanur Akbas
Q18205224,kubra berber
Q18206979,Meryem Koc
Q18210983,filiz i̇şikırık
Q18211256,Suat Okyar
Q1821769,levent devrim
Q18221012,Mahmut Akan
Q1824674,League cup
Q1826908,linkoepings fc
Q182770,Euro 84
Q182798,london 2012 paralympics
Q182929,MSV Neuruppin
Q18293,Hednesford Town FC
Q182930,fc rostselmash-d rostov-on-don
Q183,Germanz
Q18306,whitby town f.c./comments
Q183104,"feldkirch, vorarlberg"
Q18347235,Volkan Fındıklı
Q183651,Armenian Catholic Eparchy of Tokat
Q183945,music production (music industry)
Q184046,Senitza
Q18411280,"Kilinc, David"
Q18411578,etimesgut belediyespor
Q1842638,Kırşehirspor
Q1843435,ttnet beykoz
Q184387,Norway football
Q184539,Ordu
Q18474,Halesowen Town Football Club
Q1848410,halis ozkahya
Q185084,History of Siirt
Q18509,Cambridge United Football Club
Q185114,Търговище
Q185163,ogc nice
Q185249,yüksel sariyar
Q18528,1997-98 Woking F.C. season
Q18529568,Ayşe Önal (footballer)
Q1853596,vefa s k
Q1854412,Serhat Koksal
Q185632,Leymosun
Q18571991,ertugrul ersoy
Q1858457,yekta kurtulus
Q18589068,demet kılınç
Q18589307,Esra Solmaz
Q18619229,medine erkan
Q18619263,Gizem Gonultas
Q18619336,eda karataş
Q18619480,Fatma Serdar
Q186222,Alpine skiing (sport)
Q18637167,gamze bezan
Q18638193,fatos yildirim
Q18639832,Turkey women's national under-21 football team
Q18643433,yeşilgiresun
Q1865363,Yenimahalle
Q18661,Middlesbrough F.C.
Q18662,Bartley Blue
Q18665691,tuğba karataş
Q18667689,Selda Akgoz
Q18668446,gül kaplan
Q186690,liechtenstein national football team
Q18674620,pamuk gullu yilmaz
Q18675,littleton f.c.
Q186785,rosenborg trondheim
Q18684638,zelal baturay
Q1868561,Lokman Gör
Q1868622,PFC Lokomotiv Mezdra
Q18687895,Başak İçinözbebek
Q1870353,Shadowowl/Metin Tokat
Q18704184,karlsruher sc ii
Q18708,Fulham Football Club/2001 Squad
Q187091,Fussbal Club Wil
Q18711,aston villa
Q18713118,dilek kocbay
Q18716,Newcastle United F.C.
Q187256,zeki ayvaz
Q187264,Zeki Korkmaz
Q187273,Zeki Riza Sporel
Q187280,zeki yavru
Q187285,zeki yıldırım
Q18736,stoke city f.c
Q18739,sunderland a.f.c.
Q18747,West Ham United
Q18750,Wigan Athletic FC
Q187528,rsc anderlechtois
Q1875429,fc arsenal bila tserkva
Q1875713,malatya inonu stadi
Q187593,"elizabethville, congo"
Q18765,burak yilmaz
Q187895,"zonguldak, turkey"
Q188022,maride
Q188055,Siegecraft
Q18809273,Otogar (Istanbul Metro)
Q18820032,başak yerli
Q188277,list of cruzeiro e.c. chairmen
Q188363,sfry national football team
Q1884,North Duren
Q1884872,mahir savranlıoğlu
Q1884984,mahmut bezgin
Q1884988,Mahmut Boz
Q1885003,Mahmut Temur
Q188656,FK Partizan
Q1888418,"Derekışla, Bala"
Q188894,Cotiæum
Q1889135,alçıtepe
Q1889183,"ilica, manavgat"
Q189134,Usak
Q1892066,Altıparmak
Q18920886,esma kevser aksan
Q1892131,Naci Erdem
Q18921322,Talat Alp Altunbey
Q18921384,erdinc balto
Q18921772,tolga geçim
Q18922682,okben ulubay
Q189290,Military officers
Q1893,Bologna F.C.
Q1894039,marconi fairfield
Q189571,euro 2016 schedule
Q189650,razgrad
Q189671,basel fc
Q189692,genk
Q189697,History of Karabük
Q189847,trabzon karadeniz s.k.
Q190526,berner sport club young boys
Q190561,standard liege
Q19058235,Zübeyde Kaya
Q19058245,damla bozyel
Q190916,CBKV
Q191051,wind-surfing
Q1911118,Çermik
Q1911759,history of emirdağ
Q191264,az'67
Q191406,Israel national football team
Q1914748,Arsinspor
Q191477,stillers
Q1914881,ilgın
Q1915508,history of bolvadin
Q191691,"1,500 m"
Q1917306,mehmet al
Q1917362,Mehmet Turkmehmet
Q1918069,osman kuersat duman
Q191843,RC Lens
Q1919367,Melisa Ertürk
Q1920516,"pazar, rize"
Q1922108,mert mutlu
Q1922131,merter yuce
Q1922399,aybastı
Q1924617,Mesut Bakkal
Q1924871,Süper Lig 2006–07
Q192501,City of Safranbolu
Q192508,Bergen-op-Zoom
Q1925629,metin aydın
Q1925639,metin depe
Q1925646,Metin Kurt
Q19259043,Alperen Babacan
Q192641,trabzonspor
Q19281792,Burak Camoğlu
Q19284686,hakan canbazoglu
Q192873,dundee hibernian f.c.
Q192875,kurdzhali
Q19293039,ahmet oguz
Q1929362,Fazlı Kocabaş
Q19294306,Merve Akıl
Q192974,Hakan Suekur
Q1930,Otawwa
Q1930187,Political journalists
Q19302431,muzeyyen dilek ozbiler
Q19311975,Yaşar Alparslan
Q19313886,muammer yıldırım
Q193190,Gazimağusa
Q1933005,mikail albayrak
Q1933473,Sarıyer G.K.
Q193391,career diplomat
Q193445,armenian catholic eparchy of artvin
Q193592,Right-half
Q19365419,Halil Pehlivan
Q194037,"seraing, belgium"
Q194146,Niğde
Q19444,birmingham city squad
Q19446,blackburn rovers f.c.
Q19449,Blackpool FC
Q19451,Bolton F.C.
Q19453,Brighton & Hove Albion FC
Q19462,charlton a.f.c.
Q1947455,vakfıkebir
Q1947487,sarigoel
Q1947496,Bulancak
Q1947533,Yeşilhisar
Q19481,Leicetser City F.C.
Q19483164,deniz hummet
Q1948420,orhaneli
Q1948486,"kulu, konya"
Q19490,Nottingham Forest F.C
Q19498,Sheffield Wednesday F C
Q19509,FC Rennes
Q19512,football club sochaux-montbeliard
Q19513,SO Montpelliérain
Q19513488,Mert Akyüz
Q19516,losc lille metropole
Q19518,téfécé
Q1951914,Muhammed Türkmen
Q1951919,Muhammet Özdin
Q19519732,Metin Türen
Q19520337,Amine Gülşe
Q19521,saint-étienne
Q1953531,murat ceylan
Q1953539,Murat Erdoğan
Q1953556,sözgelmez
Q1953977,musa nizam
Q1953982,Musa Sinan Yılmazer
Q1955508,Mustafa Akbas
Q1955517,Mustafa Asan
Q1955553,mustafa kayabasi
Q1955557,Mustafa Keçeli
Q1955560,mustafa parmak
Q1955570,mustafa tiryaki
Q1956680,ijsselmeervogels
Q19573,Bury FC
Q195765,Basler Sportclub Old Boys
Q19577299,Modafen FK
Q19577351,neslihan muratdağı
Q19577730,Birgül Sadıkoğlu
Q19578,Colchester United F.C.
Q19578113,Bahtiyar Topal
Q19578367,Nusret Yildirim
Q19585,royal sporting-club charleroi
Q19593,The tims
Q19594176,Melis Özçiğdem
Q19595,Leyton Orient F. C.
Q19597,rangers f. c.
Q19603,football club twente
Q19604,portsmouth football club
Q19607,Red and White Wizards
Q19610568,Asaf Beşpınar
Q19610875,Ugurcan Cakir
Q19610926,ramazan civelek
Q19611080,efekan coşar
Q19611724,i̇zmit stadium
Q19611725,alpay koçaklı
Q19611961,mert kula
Q19612279,savas polat
Q19612578,caglar soyuncu
Q19613202,Yusuf Mersin
Q19613570,Cengiz Ünder
Q19613780,Hakkı Alaç
Q19614818,Ece Turkoglu
Q196160,union sg
Q19626,Shrewsbury Town F. C.
Q19628,olympiakos sfp
Q19637,tranmere rovers fc
Q1964569,"nandi, kenya"
Q19647575,Sinan Buyuksakarya
Q19648,fenerbahce istanbul
Q19660,"bucharest, bucharest"
Q19665190,Sener Kurtulmus
Q1967856,fc turkiyemspor
Q1968647,2011-12 süper lig
Q197093,zeytinburnuspor
Q197095,"Zeytinburnu, İstanbul"
Q19710306,Taekwondo at the 2016 Summer Olympics
Q1973594,necati özçağlayan
Q1973803,Necla Akdoğan
Q1974006,nedim kaleçi
Q19785793,Derya Arhan
Q198254,Umut Nayir
Q198255,yakup bugun
Q1984073,Nesat Gülünoğlu
Q1985766,miško mirkovic
Q19859439,nagihan avanaş
Q1988767,great olympics
Q1989888,Nihat Bekdik
Q199575,Karakose
Q19957725,selçuk ernak
Q19957975,Necla Gungor
Q19959369,Ufukcan Engin
Q19968629,esra guler
Q199712,Çanakkale
Q199723,balikesir
Q19975561,mehmet aksu
Q20,🇳🇴
Q200061,Стари камени мост
Q2000793,Kulbilge
Q2001305,television companies
Q200321,sportclub heerenveen
Q2003441,Yasin Karaca
Q20036688,Aybüke Arslan
Q20036736,Rabia Civan
Q200441,Medieval antioch
Q2004796,numan çürüksu
Q2005426,nurullah kaya
Q2005435,nurullah saglam
Q2005622,Green Gully SC
Q2006069,torul
Q2006400,"Abana, Kastamonu"
Q20064412,sibel nohut
Q20064416,emine demir
Q20090457,Ozhan Civgin
Q200951,bishop of claudiopolis
Q201095,Kerasous
Q201101,Rizounta
Q201330,Association football goalkeeper
Q201360,grasshoppers-zürich
Q201567,IFK Gothenburg
Q201584,AEK Athens F.C.
Q2017091,okan koc
Q2017096,Okan Salmaz
Q2017620,Oktay Delibalta
Q2018179,olaria (rio de janeiro)
Q201900,rüştü reçber
Q201969,Fussballclub Winterthur
Q2019770,olgay coskun
Q202093,Jambos
Q202188,Artahan
Q202345,David Durmaz
Q202377,steinheim (westfalen)
Q202453,Novi pazar
Q202569,belözoğlu emre
Q202612,Turkish First Football League 1993-94
Q2028870,Havant & Waterlooville F. C.
Q202954,vervî
Q2030372,Orhan Tasdelen
Q2030387,Orhangazispor
Q203040,Puerto de Santa Maria
Q2034360,Altıntaş
Q203573,bursaspor kulübü derneği
Q2035734,yusuf simsek
Q2036850,mustafa yücedağ
Q2037568,volkan babacan
Q204133,2011 EuroBasket
Q204237,fc dinamo 1948 bucureşti
Q2043015,Ozan Tufan
Q2043031,Ozan Ipek
Q2043168,oğuz dağlaroğlu
Q2043178,oguzhan azgar
Q2043180,oguzhan bahadir
Q2043184,Oguzhan Biyik
Q2046382,aesepus river
Q20469821,uygar zeybek
Q20472283,Beşiktaş J.K. (women's football)
Q20472804,Furkan Yaman
Q20473920,Caner Koca
Q204881,malmö fotbollförening
Q204888,paok f.c. thessaloniki
Q2049524,panionios forthnet
Q2052,acf fiorentina
Q2053599,"turkish general elections, 2007"
Q2055274,"Mamak, Ankara"
Q2055879,Faruk Yiğit
Q205617,recep yıldız
Q20568369,FSV Frankfurt II
Q205685,Sportsklubben Brann
Q205942,yalova
Q2060272,Imoco Volley
Q2060814,List of football clubs in Turkey
Q206116,Gebze
Q2062274,OC Charleroi
Q20631356,SC Freiburg Amateure
Q206343,Puntigamer Sturm Graz
Q206585,Hapoel Tel Aviv Football Club
Q2066,essen-kray
Q206664,Onur Cenik
Q206692,f.c. zurich
Q206879,muşkara
Q206881,killiz
Q206885,Duzce
Q206891,kırıkkale
Q206900,"Corum, turkey"
Q206903,lozengrad
Q206931,clichy-sous-bois
Q207003,Ziya Dogan
Q207005,ziya erdal
Q207010,ziya sengul
Q20717533,karabük university stadium
Q2074,genoa cricket and football club s.p.a
Q20744379,Onur Capin
Q2075008,Hüseyin Atici
Q20771258,tugay uzan
Q207998,"fethiye, mugla"
Q208005,History of Kırşehir
Q2081271,ceyhun yıldızoğlu
Q2081279,yasemin begüm dalgalar
Q20819550,Ipek Özgan
Q208228,stade reims
Q2082288,Erdemirspor
Q208403,goumoutzina
Q208472,Bingöl
Q2085193,emrullah güvenç
Q2085285,sanver goymen
Q2086324,Bozkir
Q20892728,mete celik
Q2090,fischbach unrra displaced persons camp
Q20926367,sehit polis recep topaloglu sports hall
Q2094576,TEMSA
Q20949034,Egehan Arna
Q20949042,ercan bayrak
Q209509,norcap olympique
Q2096,un/locode:caedm
Q209619,bsk belgrade
Q20988316,New Batman Stadium
Q20988320,Belen Belediyespor
Q20988336,diyarbakır stadium
Q20988339,doğanlar stadium
Q20988352,Fomget Gençlik ve Spor
Q20988433,hatay dumlupinarspor
Q20988434,Hatay Sümerspor (women's football)
Q20988458,İstanbul Professional League 1
Q20988475,KozArena
Q20988524,tarsus stadium
Q20988526,Tavla Gençlikspor
Q20988560,Hakan Yavuz
Q209895,FC Sparta
Q209905,History of Akhisar
Q209908,marmorice bay
Q209925,Kanghari
Q209978,édessa
Q2099899,Hopaspor
Q209992,volkan demirel
Q2100,history of duisburg
Q210025,Nordsjaelland
Q210292,Yuzgad
Q21033161,Abdulkadir Parmak
Q21044886,Furkan Aydogdu
Q2106616,potters bar town f.c.
Q2107,Wuppertal-Beyenburg
Q210768,tiras tiraspol
Q210778,beasal
Q2112,UN/LOCODE:DEBFE
Q211236,celebrities
Q211260,Zaandam
Q21175270,Talat Tuncel
Q211805,History of Bartın
Q21180911,Ceren Akkaya
Q211828,history of bayburt
Q21185700,sertan yegenoglu
Q2119,"manheim, germany"
Q211906,BIF
Q211952,"Kusadasi, Turkey"
Q2119751,askale
Q212,ucrania
Q21200474,cemal amet
Q212269,US Valenciennes
Q2124104,RCS Visétois
Q212413,Point guard (basketball)
Q212444,"saint-claude, jura"
Q2128426,Medical Park Trabzonspor
Q2130008,Ramazan Kurşunlu
Q2130011,ramazan kose
Q2130019,ramazan sal
Q2130090,Ispartaspor
Q2134471,raşit çetiner
Q2135156,Recep Aydın
Q2135169,recep niyaz
Q2135187,recep oztuerk
Q213837,Green Bay Packers/sandbox
Q2138862,Reha Kapsal
Q2140396,CSV Apeldoorn
Q2141552,Alpaslan Öztürk
Q214303,gomish khaneh
Q2143446,"Paal, Belgium"
Q214651,history of bandırma
Q214670,Arcadiopolis in europa
Q2151308,Nybergsund-Trysil
Q2152404,menemen
Q215302,Odds BK
Q2155470,asoa valence
Q215577,Eren Derdiyok
Q21573808,gokcan kaya
Q216032,RC Genk
Q21620962,serra çağan
Q21621722,Bahar Kol
Q21621936,esra manya
Q21622906,Selin Sivrikaya
Q21623058,büşra taşkın
Q216523,motherwell football club
Q216773,vaduz fc
Q216897,siverek
Q216907,gelibolu
Q216912,Muğla
Q217097,Richard Kingson
Q217125,"İznik (District), Bursa"
Q217258,2012 european athletics championships
Q217411,beyoğlu
Q2175909,romania national under-21 football team
Q2176882,Yüksekova
Q2177078,Allemaal Samen Verbroedering Geel
Q2179932,yomra
Q218,RO (country)
Q2180471,Engin Gungor
Q218074,Neftchi PFK
Q21872406,özlem araç
Q21872492,Efkan Eren
Q21872779,Fatma Özlem Tursun
Q21872856,Mürvet Yavuztürk
Q218789,FK Teteks
Q218883,urawa reds
Q219,република българия
Q219233,SBV Vitesse
Q219235,servette f.c.
Q21931783,yağızer uluğ
Q2195037,sahinbey
Q2195773,Mouscron péruwelz
Q219929,NK Zeljeznicar
Q219935,Zonguldakspor
Q22003375,Muhammet Besir
Q22004217,azize erdoğan
Q22007007,emre mor
Q22032202,grün-weiss brauweiler
Q2205537,SC Ritzing
Q2208304,sv schwetzingen
Q2208356,spvgg böblingen
Q220863,Otelul Galati
Q221,fyro macedonia
Q2211,malmoe
Q221122,atatuerk olimpiyat stadi
Q2211505,Saffet Gurur Yazar
Q22117622,Birgül Erken
Q221525,FC Metz B
Q2215841,Cycle race
Q22160,Phalsbourg
Q221602,AIK Stockholm
Q221635,Track cycling
Q2217066,samet gündüz
Q2217087,samet aybaba
Q2217136,şamil çinaz
Q221752,f91 dudelange
Q221927,de graafschap
Q221940,KSC Lokeren OV
Q222,Albania
Q222052,strech five
Q222157,olimpik baku
Q2222443,Sanlı Sarıalioğlu
Q2225636,bayram çetin
Q222865,suekrue saracoglu stadyumu
Q2229730,şalpazarı
Q223262,FC Luzern
Q22342338,İsmail Ayaz
Q22342341,muhammed emin balcılar
Q22342440,Irfan Can Egribayat
Q22342445,erhan erentürk
Q22342560,Fırat Kaplan
Q22342693,Bahadir Ozturk
Q22342786,halil i̇brahim sönmez
Q22342854,Hakki Yildiz
Q22343576,Ozan Yilmaz
Q2248599,resadiye
Q2248665,arsin
Q2248693,Karamuersel
Q2248704,cifteler
Q2248783,piraziz
Q2248873,Cayeli
Q2255212,sweden national under-19 football team
Q2255267,Sweden national under-21 football team
Q2257639,European LC Championships 1999
Q2264245,"ağçay, sedat"
Q2269141,semih yuvakuran
Q227,azerbajani
Q22707,Hoffenheim
Q2272244,Serdar Bayrak
Q2272267,Serdar Topraktepe
Q22730,hagenau
Q2273307,serhat akyüz
Q2273309,Serhat Güller
Q2273311,serhat gülpınar
Q2273758,serkan yalcin
Q2273765,serkan yanik
Q2273768,serkan ozsoy
Q2273811,Serol Demirhan
Q2274029,sertan vardar
Q2276014,sezgin coskun
Q2277185,Israel national under-21 football team
Q2278800,Tofaş SK
Q2279529,"konak, izmir"
Q2288748,Sinan Gümüş
Q2289900,Gunduz Kilic
Q2290144,Şanlıurfa Belediyespor
Q2291116,Wacker Innsbruck
Q22957418,Fatma Ay
Q22957648,burcu pirinçci
Q22957724,Derya Tınkaoğlu
Q2296209,cihat arman
Q229688,migennes
Q2297724,Ankara Province
Q2300536,fc costuleni
Q2301324,Soner Ornek
Q2303578,Taekwondo at the 2012 Summer Olympics - Women's 67 kg
Q2304738,ilie datcu
Q2304796,dr. fazil kuecuek stadi
Q2304817,Victory Sports Club
Q2304830,vb addu football club
Q2305609,chelmsford fc
Q23058914,muhammed çalhanoğlu
Q23063190,Yusuf Yazıcı
Q23063191,Dorukhan Tokoz
Q23063266,cengiz umut meraş
Q2308515,K. Patro Eisden Maasmechelen
Q2311567,Kingdom of Western Armenia
Q2315484,Anadolu Üsküdar 1908 SK
Q2328394,Dogan Turk Birligi
Q2332308,Antalya Büyükşehir Belediyesi Spor Klübü
Q2340133,Ferizli
Q2344927,sindirgi
Q2348956,Orhun Ene
Q2352878,darussafaka sk
Q2355838,Kocasinan
Q2356290,Spain national under-20 football team
Q2356332,José Antonio Delgado Villar
Q2361609,fuat usta
Q2364778,Chaltu Girma Meshesha
Q2367989,istanbul bb
Q23681,Kuzey Kibris
Q23772159,özge özel
Q2379292,Alen Makaryan
Q2382744,kadir ari
Q2385123,tsv grunbach
Q2387441,Americano Futebol Clube
Q2387559,FC Tirol Innsbrueck
Q2388257,taha yalçıner
Q23884125,bahar güvenç
Q2389895,Talat Özkarslı
Q239,stad brussel
Q23920591,tolga görsev
Q2392344,taner gülleri
Q2392346,taner yıldız (footballer)
Q2392795,Tanju Ozturk
Q239447,Ulker Istanbul
Q239663,fc sarajevo
Q2397581,a2 ligi
Q2397796,Taylan Antalyali
Q2399758,cagri kodalak
Q2401092,Kemerspor 2003
Q2401592,hakkı uzun
Q2402815,afc ajax (amateurs)
Q2403912,ziya songulen
Q240444,fc akhmat grozny
Q2405216,Pelin Celik
Q2407470,Tevfik Sırıı Gür Stadium
Q241671,turkish first football league 1964-65
Q241864,UEFA Euro 2008 seeding
Q242407,"Beringen, Belgium"
Q2424690,çavdarhisar
Q24249535,2016 turkish super cup
Q2426009,SV Spakenburg
Q2426819,büyükşehir belediye erzurumspor
Q243235,Academica de Coimbra
Q24325,Ufuk Budak
Q2439273,tolga özgen
Q2446294,Norway U-21
Q24474,Athlitikos Omilos Platania Chanion
Q2458678,TuS Bösinghoven
Q2459752,Tunay Açar
Q2460420,beerschot ac (women)
Q2460668,Turgut Dogan Sahin
Q246461,Serhat Cetin
Q2466866,Ercument Olgundeniz
Q24680,velox sc
Q2468102,serdal guevenc
Q24689,FC VVV Venlo
Q24699,Rooms Katholieke Combinatie Waalwijk
Q24705984,Ahmet Çakı
Q24711,GVAV
Q24719,sv kerkrade
Q2473835,Ufuk Özbek
Q2473840,Ufukhan Bayraktar
Q2478788,umut gündoğan
Q2479782,erol keskin
Q2479808,feridun bugeker
Q2479819,ali beratlıgil
Q2479832,Mehmet Dinçer
Q2479841,kaçmaz akgün
Q2480100,nedim gunar
Q248064,zulkuf ozer
Q2483820,Yasir Elmaci
Q2484717,ali osman renklibay
Q2484731,Ali Dere
Q2484758,veli kizilkaya
Q2484937,yucel ildiz
Q2485126,Alpaslan Eratli
Q2485448,sporting body
Q24879,bremen landmarks
Q24885248,koç rams
Q2490335,fc chabab
Q24904,fc den haag
Q24912044,altınordu selçuk efes tesisleri
Q24912121,genclik stadium
Q24912819,dörtyol belediyespor
Q24912994,Serinevler Athletics Stadium
Q2493719,Darıca Gençlerbirliği
Q24976,tackle
Q249875,taskin calis
Q2499402,delice
Q25008,esenler bus terminal
Q25047842,Romania national under-16 football team
Q2505079,ugur akdemir
Q250519,Saglam Ertugrul
Q2505360,Ugur Boral
Q2511419,Staines Lagonda F.C.
Q2511604,washington whips
Q2512366,Veli Acar
Q2512838,ulkerspor
Q2513548,Istanbul Football League
Q2517952,Hasan Kılıç
Q25270,history of pristina
Q25287,Goetheburg
Q25301483,badminton at the 2016 summer olympics – women's singles
Q2530261,Tekkekoy
Q2530816,Volkan Yilmaz
Q2530821,Volkan Kürşat Bekiroğlu
Q2541078,Araklispor
Q25417348,volkan pala
Q2541960,Yusuf Kurtulus
Q2541974,yusuf altuntaş
Q2542760,erman özgür
Q2542849,ali guzeldal
Q2546115,onur kaya
Q25476875,kireçburnu spor
Q25477731,mert iliman
Q2553950,wedeler tsv
Q2554201,Boukar Alioum
Q2554544,wehrda
Q2555462,vedat okyar
Q2558816,oktay mahmuti
Q2567113,Senyil Mehmet Kutay
Q25732,Orebro
Q2577499,"Yasin Avci (footballer, born 1983)"
Q258,Suid Africa
Q259029,ljungskile s.k.
Q259179,Gokhan Zan
Q2597025,Galatasaray SK (Superleague Formula team)
Q2598007,mertol karatay
Q259830,i̇zmir atatürk stadı
Q2598734,"yildirim, bursa"
Q2599700,Yasin Oztop
Q2600288,Ahmet Akçan
Q2600554,Yohannes Bahçecioğlu
Q26015749,Atakoy Olympic Pool Stadium
Q260200,sumgayit pfk
Q2608226,Serkan Erdoğan
Q260835,Eurobasket 2001
Q2609,lazio ss
Q2609191,Karssport
Q2610799,Eczacibasi Zentiva
Q2613052,enes saglik
Q26132176,gökhan kardes
Q2614345,edirne basket
Q261813,Wacker Tirol
Q2619059,ali gutda gokdemir
Q262203,fatih terim
Q26237147,berkay özcan
Q26251195,ali alanç
Q2625411,ted ankara kolejliler
Q262579,History of Karaman
Q262935,Mehmet Batdal
Q263115,strugglers f.c.
Q2631783,Cizrespor
Q263320,SV Mattersburg
Q263581,cetin zeybek
Q2636596,Balcova
Q263687,vfb homberg
Q264095,Kastamonuspor
Q2641,Foot-Ball Club Internazionale-Naples
Q264106,murat gürbüzerol
Q2641463,eray i̇şcan
Q2641474,Ugur Dagdelen
Q26421,history of dordrecht
Q2645475,Cihat Arslan
Q2646759,ali camdali
Q2646817,alican karadağ
Q264949,tolga ciğerci
Q26518,Sodertalje
Q26532,Abullah Avcı
Q265570,Jahn Regensburg
Q2657881,adnan sezgin
Q2661398,kayseri arena
Q26678538,Mert Örnek
Q266962,Wiener Sportclub
Q26704988,rahime atabay
Q26705197,Naciye Kara
Q26705319,Selin Hasbal
Q2670720,Karşiyaka
Q2670763,Duragan
Q2670770,goynucek
Q2670825,Duezkoey
Q26709729,taha demirtaş
Q2671132,Havza
Q26720189,Can Aktav
Q2672826,buca
Q2674,U.S. Citta di Palermo
Q2674010,Sarioglan
Q2674097,Selçuklu
Q2677455,mersin bşb. s.k.
Q26775185,burçin erseçal
Q268043,isparta province
Q2682403,Alim Öztürk
Q26837670,Sude Mihri Çınar
Q26837875,utku yuvakuran
Q2683848,caner cavlan
Q268485,Sulingen
Q268776,St. Johnstone F.C.
Q2691005,Ahmet Kilic
Q26912314,Emirhan Aydoğan
Q269151,2017-18 pec zwolle (women) season
Q2693,Parma Foot Ball Club
Q2696775,izak rober
Q2696781,necmi onarici
Q2696796,rıdvan bolatlı
Q2698432,Betis Deportivo
Q2699223,Ferhat Gorgulu
Q26995331,Barıs Alıcı
Q270080,Democratic Republic of Congo national football team
Q270082,Gamze Bulut
Q2701714,France national under-19 football team
Q27020041,football season
Q270201,karin melis mey
Q270224,Alemitu Bekele (1977)
Q27036924,Yavuz Aygun
Q27036925,mehmet göktuğ bakırbaş
Q27037197,rahman çağıran
Q27037473,Kubilay Kanatsızkuş
Q270420,FC Litex Lovech
Q2704453,shimshon tel aviv fc
Q27050000,ismail atalan
Q2705172,marmaris belediye gsk
Q27055380,mesut ünal
Q2705560,Bülent Akın
Q27063857,nazim sangare
Q2708281,Liechtenstein national under-21 football team
Q2708820,fatih sonkaya
Q2710,Pescara
Q271349,åtvidabergs f.f.
Q2713491,Spain national under-19 football team
Q27162,"gölcük, kocaeli"
Q27186771,osman çelik
Q27207845,bilge tahran
Q2720815,racing club ge
Q272243,Saint-Josse-ten-Noode ~ Sint-Josst-ten-Node
Q272623,çankırı belediye spor
Q272649,Çarşamba
Q272681,Tchataldja
Q272709,caycuma
Q272712,caykur rizespor
Q272727,Cagdas Atan
Q272734,cağlar birinci
Q272808,Cetin Gungor
Q272867,eumeneia
Q273120,Protesting
Q273199,off-guard
Q2735520,emir preldzic
Q2736,futebol
Q2739,A.S. Rome
Q274141,Dolmabahce
Q2742586,Grêmio Sportivo Juventus
Q274762,FC Vorskla Poltava
Q2749,augsberg
Q2751977,koray altınay
Q2752555,ud fuerteventura
Q2753064,Cebeci İnönü Stadı
Q275626,AELarissa F.C.
Q2756434,galatasaray tv
Q2756875,aliağa petkim
Q2758,munchen-gladbach
Q2765,"Gelsenkirchen, Germany"
Q276550,2008 African Cup Of Nations
Q2768,FC Torino
Q27694,emre can
Q2773,history of braunschweig
Q277568,tolga zengin
Q277944,Mehmet Nas
Q278065,sedat bayrak
Q279436,Omer Toprak
Q2798,S. Udinese G.S.
Q28026098,2016 kayseri bombing
Q2805,krefeld
Q28062036,"Turkish referendum, 2017"
Q280658,Centre Forward
Q28089,egypt national football team kits
Q2810222,Sener Ozbayrakli
Q281384,erdem özgenç
Q2819143,A.E.K.
Q282654,Ineboli
Q283012,Hasan Ali Durtuluk
Q283089,turkish league 2007-08
Q283142,Selim Aydemir
Q283629,2009–10 Ziraat Turkish Cup
Q283737,Ersan Gueluem
Q2838,history of oberhausen
Q283832,Rosengård
Q2839120,almir gegic
Q284155,uğur demirkol
Q2843,The Hanseatic City of Lübeck
Q284335,Dhivehi Leegue
Q284359,Nihat Kahveci
Q2846277,Andre Kona N'Gole
Q2856376,duzcespor
Q2856378,yasin celik
Q285685,ramazan ozcan
Q285722,Gaziantepspor
Q2865,kassel
Q286504,Zamalek SC
Q2866702,asli kalac
Q2868795,ataşehir belediyespor
Q2871,Hengstey
Q2874886,Ayetullah Bey
Q2874913,"abdelaziz, ayman"
Q2880,waldbühne hamm-heessen
Q288937,AC Allianssi
Q289112,AC Bellinzona
Q289143,"Bor (District), Nigde"
Q289248,nur tatar
Q289286,AC Horsens
Q28967831,hasan özkan
Q2899,history of mülheim
Q29,espanya
Q290206,abdil ceylan
Q2904,wanne-eickel
Q290634,gerede
Q2910,Oggersheim
Q29108,fc zenit st. petersburg
Q291088,bendel united
Q29112,MKS Moscow
Q2911660,Botaş SK
Q291297,Kayseri Erciyesspor
Q29169066,2015–16 Turkish Women's First Football League
Q291937,f.c. tubize
Q2920400,umut guzelses
Q2921300,Cengelkoy
Q292618,AGOVV Apeldoorn
Q2927417,Bucaspor Ladies Football Team
Q29343007,2017–18 süper lig
Q2938,Leverkusen
Q293927,ödemiş
Q2942,Ohligs
Q2947435,Murat Onur
Q2947963,aziz eraltay
Q2954732,2013 european u23 championships in athletics
Q296046,A.O. Kerkyra
Q2962119,Fosie
Q2966,Heidelberg romantics
Q2971,marienloh
Q297441,omer ali sahiner
Q297449,ömer aysan barış
Q297458,omer can sokullu
Q297461,Omer Bayram
Q297471,omer erdogan
Q297478,Ömer Kahveci
Q297485,Ömer Kaner
Q297487,Ömer Kulga
Q297499,Omer Kerim Ali Riza
Q297526,ömer çatkıç
Q297533,Oemer Sismanoglu
Q297604,Önder Turaci
Q297605,Onder Cengel
Q297822,sk schwadorf
Q297858,fc superfund
Q298448,gokhan inler
Q2986228,Play-by-Play
Q298981,hedo türkoğlu
Q29999,Reino Hulandes
Q30,united stated
Q3000298,Turkish Federation Cup
Q3012914,damla çakıroğlu
Q301332,Kardemir Karabukspor
Q301726,ks ruch chorzów
Q30224997,osman özdeveci
Q302263,menemen belediyespor
Q30247945,Serkan Bakan
Q302653,Suleyman Olgun
Q302954,austria national under-18 football team
Q302977,austria national under-19 football team
Q303033,Austria national under-21 football team
Q303121,yeni malatyaspor
Q3033290,"Bilgili, Serdar"
Q3042,"offenbach, hesse"
Q3046936,ecem alıcı
Q3049707,Misr Lel Makasa
Q3050,Recklinghausen railway station
Q3055997,meram
Q30635189,2010-11 turkish women's first football league
Q30640739,2008-09 turkish women's first football league
Q3067213,Fatih Atık
Q306797,ÖFK
Q3070123,Mushin Ertugal
Q3071735,Fikret Arıcan
Q307745,Özcan Melkemichel
Q307761,ozden onguen
Q307775,özdere
Q307793,Özer Umdu
Q307795,ozge bayarak
Q307802,Özer Hurmacı
Q307825,ozgur bayer
Q307841,Ozgür Kart
Q307856,Özgür Özkaya
Q307863,özgür öçal
Q307865,özgür i̇leri
Q307872,ozguercan ozcan
Q307895,özkan koctürk
Q307899,ozkan karabulut
Q307905,özkan sümer
Q307916,özlem başyurt
Q307954,Öztürk Karataş
Q3079744,Fostiras F.C.
Q308879,Small forward (basketball)
Q309025,zhsk sofia
Q3090490,fuat hüsnü kayacan
Q309400,US Boulonnaise
Q309456,lausanne sport
Q31,belgie
Q310199,Tuncay Şanlı
Q310608,S.C. Fortuna Koln
Q310621,Wehen Wiesbaden II
Q31074,al sharqia governorate
Q312494,uemit davala
Q3128061,Hasan Kamil Sporel
Q3130,sydney metropolitan area
Q313145,Kazim Richards
Q3132,UN/LOCODE:DEMOS
Q3132368,Mecidiyekoy
Q313474,Hasan Şaş
Q3138474,Galatasaray S.K. in European football
Q3141,"melbourne (vic.), australia"
Q314851,Germany national under-21 football team
Q3148834,İlyas Kahraman
Q315309,ilhan mansiz
Q31564,hakan kadir balta
Q3162922,Tugay Kaçar
Q3163786,Blau-Weiss 90 Berlin
Q31644,trostberg
Q316497,germany national under-20 football team
Q3165375,Ugur Pamuk
Q316620,TSF 1893 Ditzingen
Q3167,history of siegen
Q316786,SpVgg Ludwigsburg
Q316789,melbourne victory fc kits
Q316855,sc chemie halle
Q316865,Preussen Muenster
Q316896,sachsenring zwickau
Q317045,memo okur
Q317318,Nizamettin Caliskan
Q317483,Abdulaziz Solmaz
Q317509,Hamit Yildiz
Q317511,Abdulkadir Özdemir
Q317518,Abdulkadir Özgen
Q317605,abdullah durak
Q317612,abdullah ercanm
Q317634,Abdullah Halman
Q317678,Abdullah Karmil
Q317682,abdullah keseroglu
Q3177600,nihat baştürk
Q318063,abdulkadir kayali
Q318069,Abdülkerim Bardakçı
Q318348,young nec nijmegen
Q3185,"Hiltown, Lower Saxony, Germany"
Q318969,gloria fiume
Q318997,vfb fichte bielefeld
Q319136,st. mirren f c
Q3191617,kaan ayhan
Q319167,BSV Kickers Emden
Q31920,swimming (sport)
Q319792,"zolder, belgium"
Q319868,fc singen 04
Q320481,SV Lichtenberg 47
Q320541,SC Herford
Q32112,boxing punches
Q3213032,utrechtse sportvereniging elinkwijk
Q321572,cüneyt çakır
Q322643,Volkan Ünlü
Q322865,Erdal Kılıçarslan
Q322892,Ali Guenes
Q322906,necat aygün
Q323070,murat didin
Q3237195,Levent Aycicek
Q3237432,leyla bağcı
Q323933,Muhammed Akaguenduez
Q32444,costa calida cf
Q3246109,Derbies
Q324867,spain's first division clubs
Q32494,Die Knappen
Q324940,TuS Celle
Q324975,sportfreunde köllerbach
Q324983,SV Heimstetten
Q325014,SV Lippstadt
Q325223,egc wirges
Q325249,svn zweibrücken
Q325343,SD Croatia Berlin (futsal)
Q326339,Üsküdar
Q326598,Hakan Bayraktar
Q326827,Artistic gymnast
Q326839,Cüneyt Tanman
Q326854,Koray Avci
Q327333,government agency
Q327428,murat tosun
Q327433,mahir saglik
Q327450,Mehmet Boztepe
Q327454,Aydin Karabulut
Q327628,sg aumund-vegesack
Q327709,Celaleddin Koçak
Q3277733,bujang senang
Q327889,Furkan Özcal
Q328332,Fotbalový klub Mladá Boleslav
Q328658,ac le havre
Q3291331,US Royenne
Q329607,ifk norrköping fk
Q329633,Mechelen-aan-de-Maas
Q330143,aus fb a-league sfc
Q331206,Vefa
Q331640,Hellas national basketball team
Q3318570,güven cavus
Q332642,NOAD ADVENDO Combinatie Breda
Q332664,Willem II (football club)
Q3328883,Mustafa Kocabey
Q3332425,nenad bijedić
Q3334021,müslüm aydoğan
Q333634,translator
Q3337661,necip okaner
Q333838,fc ville-la-grand
Q334778,Ülker City
Q334843,Ümit Karan
Q334849,Ümit Kurt
Q334859,ümit korkmaz
Q334864,Umit Tutunci
Q334876,Ümmü Kiraz
Q334886,Umit Ozat
Q334909,ünal alpuğan
Q334912,unal demirkıran
Q334927,Unal Karaman
Q334941,ünyespor
Q334985,Oenoe (Pontus)
Q335079,üstün bilgi
Q3351700,Olympique Saint-Quentin
Q335413,Tolgay Ali Arslan
Q3358204,rahman bilici
Q336286,Defender (association football)
Q3366081,Tuğba Kocaağa
Q3373012,Yalçin Granit
Q33748,SV Hannover 96
Q3375413,Ahmet Peker
Q3392513,fc bavois
Q33999,Television actor
Q34,p:sweden
Q340133,hacettepe sk
Q3418390,ramazan tunç
Q343220,Ibrahim Aydemir
Q343234,Ibrahim Akın
Q343278,i̇brahim ferdi coşkun
Q343331,ibrahim kas
Q343372,ibrahim toraman
Q343377,İbrahim Yavuz
Q343383,İbrahim Yılmaz
Q343404,ibrahim ozturk
Q343406,Ibrahim Sahin (footballer)
Q343415,İbrahim Üzülmez
Q343593,İlhan Eker
Q343629,i̇lhan parlak
Q3437,"perugia, italy"
Q34370,"rotterdam, south holland"
Q343789,ilkem ozkaynak
Q343801,İlker Avcıbay
Q343844,Ilyas Tufekci
Q343911,i̇mranlı
Q343957,i̇negölspor
Q343973,İnegöl
Q344007,irfan basaran
Q344035,ishak dogan
Q344036,Ishak Cakmak
Q344050,Iskender Alın
Q344068,Körfez İskenderunspor
Q344093,blocium
Q344139,i̇smail arca
Q344141,Ismail Baydil
Q344148,Ismail Demiriz
Q344163,ismail gulduren
Q344187,ismail odabasi
Q344193,i̇smail köybaşı
Q344201,İsmail Ogan
Q344206,mehmet yilmaz (striker)
Q344211,i̇smail şahmalı
Q344328,i̇stanbulspor a.ş.
Q344490,i̇zmir province
Q344531,izzet türkyilmaz
Q3446915,goal scorer
Q345120,acıpayam
Q3460761,sabriye gonulkirmaz
Q3462866,Mersin Olympic Stadium
Q347,military of liechtenstein
Q347045,tugay kerimoğlu
Q347172,sabri sarioglu
Q347327,Ayibogan
Q348199,Mehmet Topal
Q3496315,stadyum (i̇zmir metro)
Q3498949,Wrestling at the 1992 Summer Olympics – Men's Greco-Roman 62 kg
Q349941,Fevzi Elmas
Q35,Dennmark
Q350,Geography of Cambridge
Q3503732,Akif Pirim
Q3512083,TED Ankara Kolejliler Volleyball
Q351298,Mülayim Erdem
Q3515263,tansel başer
Q352251,Adana Demirspor
Q352270,adanaspor
Q3525305,Ender Günlü
Q352760,a. nugetre
Q352815,gokdeniz karadeniz
Q352891,Tayfun Cora
Q3536136,Trabzonspor (women)
Q353796,Firat Kocaoglu
Q3542299,turan sofuoğlu
Q3542498,Tuğçe Canıtez
Q3542501,Tugce Sahutoglu
Q3543762,galatasaray a2
Q354522,Adem Kocak
Q3545241,Mehmet Polat
Q3547772,ufuk talay
Q3552825,uğur aktaş (footballer)
Q3554742,UN/LOCODE:DKFRM
Q355487,Güven Önüt
Q355630,Adem Alkasi
Q355638,adem buyuk
Q355687,adem sari
Q3561131,kosta kasapoğlu
Q3564213,"Göztepe, Izmir"
Q356591,ahmet suat özyazıcı
Q3574281,ahmet yıldırım benayyat
Q358765,serkan kırıntılı
Q3589754,australia national under-17 football team
Q3589775,olyroos
Q358987,murat hacioglu
Q3589895,belgium national under-17 football team
Q3589896,belgium national under-20 football team
Q3590033,France national under-16 football team
Q3590274,Norway U-17
Q3590324,Romania national under-17 football team
Q3590410,Sweden national under-17 football team
Q3590479,turkey national under-17 football team
Q3590623,cameroon national under-23 football team
Q35933,Sport Club Corinthians Paulista
Q359388,adnan erkan
Q3593950,i̇smet uluğ
Q359403,adnan gungor
Q3594207,Seyma Ercan
Q359780,Adnan Polat
Q359806,necmi perekli
Q35997,"ismir, turkey"
Q36,PolanD
Q360668,mert korkmaz
Q3609,Road cycling race
Q3609929,alessandro chiappini
Q3611991,tufan kelleci
Q3612815,i̇brahim halil yaşar
Q361352,Mehmet Aurélio
Q36180,Writter
Q3622719,Naci Şensoy
Q362534,Tümer Metin
Q3631547,Bülent Esel
Q3635505,Bariş Hersek
Q36362,Armani Jeans Milano
Q36389,tae-kwon-do
Q3640,"Angora, Turkey"
Q3640055,Billy Mehmet
Q364698,c.s. brugeois
Q3647195,burak eris
Q365,augusta ubiorum
Q36500,Olitalia Siena
Q3655311,fc etar (veliko tarnovo)
Q36600,"Hague, Netherlands"
Q3665681,Cevher Ozer
Q366571,kubilay turkyilmaz
Q36704,yugosalvia
Q368009,cevat guler
Q36834,timothy thompson (composer)
Q368364,Cengiz Bicer
Q368675,Football Club Locarno
Q3696729,cray wanderers f. c.
Q369921,Hasan Türk
Q3702,bandırma banvit
Q370206,K. V. Oostende
Q370545,buelent boeluekbasi
Q370712,SBV Excelsior
Q371492,mehmet yıldız
Q371779,engin ipekoglu
Q372191,SC Schwanenstadt
Q372599,Sivasspor
Q372601,1961–62 turkish national league
Q37285,2006 fifa world cup final positions
Q3731425,Ergün Berisha
Q373394,Ragıp Başdağ
Q373402,gustave bebbe
Q373424,Saadet Aksoy
Q3736767,schalke 04 ii
Q3737282,kenan yelek
Q3740691,Murat Ocak
Q374254,fc beroe stara zagora
Q374525,Ercan Aktuna
Q375020,Fatsa
Q375058,2009 uefa cup final
Q3759076,Royal Halı Gaziantep
Q3761,Accra oil refineries
Q376635,Zultse VV
Q376854,Megarsus
Q3771,gutersloh
Q377432,Cenk Tosun
Q3780306,Gülşah Akkaya
Q3780755,oyak renault
Q3782480,hakan demir
Q378275,semih sentürk
Q3786,Oberesslingen
Q378768,riza çalimbay
Q3790170,Mahmut Sönmez
Q38,P:I
Q3802,Hanau
Q380458,Adıyamanspor
Q3808,"yaoundé, cameroon"
Q38108,figure-skating
Q3813,"marl, north rhine-westphalia"
Q3814082,Kaya Köstepen
Q3814087,kayhan kaynak
Q3814436,kem izzet
Q3820,Beiruit
Q3822,"Lünen, Germany"
Q38245,lg eintracht frankfurt
Q383196,fc kaernten
Q38380,Angiers
Q384,Uskueb
Q3840,"Velbert, Germany"
Q384005,turk telekomspor
Q3841124,lütfi arıboğan
Q384801,мирсад туркџан
Q3852,"History of Worms, Germany"
Q38545,adanija
Q385496,omiya ardija
Q3856,lefkoåÿa
Q3865,history of villingen-schwenningen
Q3869264,muejdat yetkiner
Q3869955,Naile Ivegin
Q3873525,Denmark national under-18 football team
Q3873528,Norway national under-19 football team
Q3873546,Australia national under-20 football team
Q3873550,Switzerland national under-20 football team
Q3874,"Gießen, Germany"
Q3874867,nesim ozgur
Q388072,sahin aygunes
Q3881494,olcay gür
Q388469,Urfa Province
Q388470,Olympic Stadium (ŞanlıUrfa)
Q388487,şanlıurfa s.k.
Q388673,Şefaatli
Q388687,Sehmus Ozer
Q388819,Senes Erzik
Q388845,Şenlikköy Stadium
Q388860,şenol akın
Q388863,Senol Can
Q388904,Senol Gunes
Q388957,Seref Has
Q388972,fc metalurg donetsk
Q388995,Trabzon Province
Q389027,şeyma erenli
Q3893,un/locode:delud
Q3893557,erkut senturk
Q389629,Afyon Khs.
Q389650,Afsin
Q3898,Castrop-Rauxel
Q39,Confédération suisse
Q3900,UN/LOCODE:DETRO
Q390256,Dunfermline FC
Q390637,sisli
Q390711,şükrü ersoy
Q3914,SCHOOLS3
Q3915789,volkan dikmen
Q3917212,Samican Keskin
Q391789,gais
Q39209,Koray Gunter
Q392310,Linzer ASK
Q39259,erdowan
Q3926,"Pretoria, South Africa"
Q39290,nk čelik
Q3930,Wiff-Waff
Q3935298,1923–24 Istanbul Football League
Q3936,bamburg
Q3939,Dinslaken
Q3945149,Sait Altınordu
Q3946506,samir selesković
Q3955774,serap yücesir
Q39614,Unhallowed ground
Q3963,history of fulda
Q39631,Phyſician
Q3967,"neuwied, germany"
Q3971,"herford, westphalia"
Q397343,"Solihull, West Midlands"
Q3977846,2008 turkish super cup
Q3985,Herten
Q3992,luik (city)
Q3994,"kempten, germany"
Q40,Etymology of Austria
Q4006864,ugur koken
Q4011,lackhausen
Q401760,Ahmet Arı
Q401781,ahmet berman
Q401786,Ahmet Burak Solakel
Q401788,Ahmet Cebe
Q401796,Ahmet Dereli
Q401817,Ahmet Dursun
Q401848,Ahmet Görkem Görk
Q401887,ahmet kulabas
Q401896,ahmet kuru
Q401921,ahmet saglam
Q402011,ahmet i̇lhan ozek
Q402016,Ahmet Şahin (footballer)
Q402038,hebei zhongji
Q4025501,omer bueyuekaycan
Q4025635,i̇tü bk
Q4026180,Gungoren M.Yahya Bas Stadium
Q403,srvija
Q40348,attorney
Q40549,"adana province, turkey"
Q405784,Momchilgrad
Q405797,isperikh
Q4059038,Devran Ayhan
Q406,istanbul (turkey)
Q406184,ramazan yildirim
Q4068,stolberg/rheinland
Q4068565,arapongas esporte clube
Q4072,Göppingen
Q40738,"Bursa, Turkey"
Q4074,kleinbüllesheim
Q408,Commonwealth Australia
Q4082,hattingen
Q40844,breda (netherlands)
Q4086,Menden (Sauerland)
Q4094837,boreham wood f c
Q41,hellada
Q4107588,sv werder bremen ii
Q411571,æzani
Q4120,gerlenhofen
Q4126,schwienfurt
Q41298,serial (library science)
Q41323,US football
Q4132655,sheikh russel krira chakra
Q41329,Linz
Q41397,genocide/sandbox
Q4140019,Switzerland national under-19 football team
Q4140371,Turkey national under-18 football team
Q41420,borussia dortmund ii seasons
Q414625,Akademic Sofia
Q4150,2013 FIFA World Cup U-20
Q417007,Akdeniz University Stadium
Q41753,Clagenfurtum
Q417685,Akhisar Belediyespor
Q4178,"wetzlar, germany"
Q421439,aksarayspor
Q421618,"aksu, antalya"
Q42228,gergana branzova
Q424435,akyazı
Q424646,A. Sebatspor
Q424661,akcaabat
Q424674,akçadağ
Q424750,Akin Vardar
Q42486,men's wrestling
Q42656,Kevin Rankin (basketball)
Q42658,harun erdenay
Q426881,mustafa sarp
Q42716,"saint-etienne, loire"
Q427491,SKN St. Polten
Q428211,al-gharrafa sports club
Q4285478,etimesgut şekerspor
Q429468,FC Baden
Q42973,architect
Q43,turkiye
Q4300768,gebzespor
Q430107,Samsunspor
Q43109,Referendums
Q43134,Galatasaray S. K.
Q432213,Ceyda Aktas
Q433099,Erhan Senturk
Q43310,West Germany National Football Team
Q433109,hayrettin yerlikaya
Q433230,Panthrakikos
Q43387,Archbishopric of Adrianopolis
Q434163,Recep Biler
Q43450,Gymnastic
Q434929,Altay Izmir
Q4353979,anıl koç
Q435749,fehmi alpay özalan
Q43710,mp antalyaspor
Q4384426,Thurrock F. C.
Q43845,Business persons
Q438822,alper akçam
Q440361,Rukiye Yildirim
Q440846,Mevlut Erdinc
Q44118,hamit altintop
Q441580,emre gungor (turkish footballer)
Q442755,Orhan Şam
Q442764,Erhan Güven
Q442766,Neslihan Yiğit
Q442895,SV Altludersdorf
Q44295,Arsenal Kyiv
Q443881,sefa yılmaz
Q444318,Buruk Okan
Q444341,Didier Six
Q444822,rıdvan şimşek
Q444853,Furkan Aydin
Q444939,Rasim Kara
Q4450209,taksim stadı
Q445496,hakan aslantaş
Q445507,emre güral
Q4458545,sinan ayranci
Q446169,Serdar eylik
Q446506,Kadir Bekmezci
Q447191,Altinordu Spor Kulubu
Q447265,altınözü
Q448297,Ayhan Akman
Q4501316,Aykut Ozer
Q450449,favoritner ac wien
Q450726,alzey
Q4512,vfb stuttgart in european football
Q452203,Gulcan Mingir
Q45301,history of trabzon
Q453875,f.c. hertha 03 zehlendorf
Q453951,Korcan Celikay
Q453996,veysel cihan
Q454410,murat duruer
Q4545849,1. FC Nuremberg Amateure
Q4546967,10th !f Istanbul AFM International Independent Film Festival
Q455926,muhammed ildiz
Q4561818,1925-26 Istanbul Football League
Q4561989,1926–27 Istanbul Football League
Q4562355,1928–29 istanbul football league
Q4562540,1929–30 istanbul football league
Q4562948,1931–32 istanbul football league
Q4563148,1932-33 istanbul football league
Q4563337,1933-34 Istanbul Football League
Q4563526,1934–35 istanbul football league
Q4563723,1935-36 istanbul football league
Q4563950,1936–37 Istanbul Football League
Q4564178,1937-38 istanbul football league
Q4564418,1938-39 Istanbul Football League
Q4564644,1939–40 Istanbul Football League
Q4564846,1940-41 Istanbul Football League
Q4565017,1941–42 Istanbul Football League
Q4565167,1942-43 istanbul football league
Q4565331,1943-44 istanbul football league
Q4565490,1944–45 istanbul football league
Q4566145,1947–48 Istanbul Football League
Q4566451,1948-49 istanbul football league
Q4566720,1949–50 istanbul football league
Q4567042,1950–51 Istanbul Football League
Q4567356,1951-52 istanbul football league
Q4567661,1952-53 istanbul football league
Q4567952,1953-54 Istanbul Football League
Q4568264,1954–55 istanbul football league
Q4568592,1955-56 istanbul football league
Q4568907,1956–57 Istanbul Football League
Q4569179,1957–58 istanbul football league
Q4569521,1958–59 istanbul football league
Q4572416,1966 presidential cup
Q4572837,1967 uefa european under-18 football championship
Q457376,CSKA Moscow (basket-ball)
Q457460,sv ried
Q4580814,1982-83 Mersin Idmanyurdu season
Q459119,Taiwan national soccer team
Q459148,en avant guingamp
Q4593915,1998 Presidential Cup
Q459495,bechiktache
Q460494,vasilis staikos
Q4607051,2006 Turkish Super Cup
Q460724,hammarby if fotboll
Q4609446,2007 turkish super cup
Q4610556,female model
Q4614968,turkish super cup 2009
Q461806,Burcu Ayhan-Yüksel
Q462471,Power Forward (basketball)
Q462705,Ali Bayramoğlu
Q463358,emre asik
Q464336,Eintracht Nordhorn
Q464775,FC Thun
Q464839,ksv baunatal
Q4666021,Abdullah Kiğılı
Q4666116,abdullah cevrim
Q4666356,Abdülkadir Köroğlu
Q4680614,adana football league
Q4680624,Adanaspor Basketbol
Q4682111,adem arda atay
Q4682114,adem dursun
Q4683899,adnan menderes stadium
Q4683922,adnan süvari
Q4683923,Adnan yıldız
Q46934,World cup 1982
Q46943,football world cup 1978
Q4696145,Akdilek
Q4696156,Ahmet Cömert
Q4696210,Ahmet Öcal
Q47002,"Carlton, Victoria"
Q4702053,fatih stadı
Q47050,dutch national football team
Q4705140,Alaeddin Baydar
Q470669,elvir boliç
Q47108,Tutku Açık
Q47117,Balikesir Ili
Q471572,antonis fotsis
Q472214,osv hannover
Q472256,orhan kaynak
Q4724775,Ali Eren Beşerler
Q472481,onur bayramoğlu
Q4724822,Ali Gültiken
Q472488,Serdar Gürler
Q472505,okan alkan
Q4725062,Ali Mumcu
Q472508,Veli Kavlak
Q4725333,ali olmez
Q4725334,ali öztürk (footballer born 1986)
Q4725338,"Ali Öztürk (footballer, born 1987)"
Q4725672,Alican Kaynar
Q472707,pazarspor
Q4727582,Alişan Şeker
Q4728370,All-seater stadium
Q4734838,Alper Saruhan
Q4734842,alper yılmaz
Q4735767,"alsancak, izmir"
Q473590,atilla aybars garhan
Q4736141,altan aksoy
Q4737084,Altınordu İdman Yurdu SK
Q4740644,türkiye amatör futbol şampiyonası
Q474355,SpVgg Fichte Berlin
Q4748578,Amputee Football
Q475725,alpaslan erdem
Q4765978,Ankara Football League
Q47735,2002 fifa world cup hosting controversy
Q47774,France national football team kits
Q4778539,Anıl Abanoz
Q47813,Çanakkale Province
Q478317,coritiba foot ball club
Q4787779,arda vekiloglu
Q47887,nieumeghen
Q4790540,Arif Karaoğlan
Q479269,SC Wiedenbruck 2000
Q479273,sv straelen ii
Q479276,bremer sv
Q479289,VfV Borussia 06 Hildesheim
Q4792918,armagan kus
Q479306,vfb huels
Q479310,SV Yesilyurt
Q479321,fv illertissen
Q479332,fc bremerhaven 1899
Q479340,TSV Rain am Lech
Q479351,S.V. Darmstadt 98
Q479371,fsv luckenwalde
Q479641,semih aydilek
Q479643,sezer badur
Q479646,cihan özkara
Q4803895,Faruk Namdar
Q4803899,samet hasan yıldıran
Q4810487,Assyriska BK
Q4811839,nimet karakuş
Q4812654,atakan yüksel
Q4812889,Istanbul Ataturk High School of Science
Q4812922,atay aktuğ
Q4813146,Ates Çinar
Q4813737,Athletic Football Club
Q4816632,sukru birand
Q4816708,nagihan
Q4818017,Timsah Arena
Q4818256,azerbaijan national football team u-19
Q4818711,"Örnekköy, Beykoz"
Q4819397,merve aydin
Q4819550,batman belediyespor
Q4820125,Levent Kartop
Q4823750,Australia women's national under-20 soccer team
Q482406,Anyang LG Cheetahs
Q4825450,austria national under-17 football team
Q482562,incheon united fc
Q4826101,zekiye keskin satır
Q4826180,gümüşhanespor
Q482779,giresun province
Q4827991,Aveley F. C.
Q482825,Parêzgeha Sêrt
Q482834,Kahramanmaras Province
Q482980,Auther
Q483020,paris st germaine
Q483040,Samsun Province
Q483044,daegu fc u-18
Q4830453,firm (economics)
Q483110,Estadio
Q4831231,Ayhan Guclu
Q4831234,Ayhan Karakuş
Q4831526,umit aydin
Q483154,gaziantep ili
Q4831706,aysel taş
Q483173,Erzincan Province
Q4831733,aytekin viduşlu
Q483180,Ordu Province
Q4832059,"bayat, ayaş"
Q4832645,Deniz Baykara
Q4832690,aziz saglam
Q483331,history of iğdır
Q48338,kaisari
Q483472,kayseri province
Q483481,rize province
Q4835814,bk olympic malmö
Q483738,Anadolu Efes Sports Club
Q483741,Anadolu Selçukluspor
Q483856,Türkiye millî futbol takımı
Q484188,Serial Killers
Q4843094,bahcelievler stadium
Q4853221,balıkesir atatürk stadium
Q4854024,banbury spencer f.c.
Q4854796,Bandırma Kırmızı
Q485568,turkish super league
Q485575,anemur
Q485771,tarkan tevetoglu
Q485813,SC Bad Neuenahr
Q4861136,Barlas Erinç
Q4869413,Batman Petrolspor
Q486972,community
Q4873341,Batuhan Altıntaş
Q487459,turan arda
Q4875289,Bagcilar Olympic Sport Hall
Q4875294,Baglumspor
Q4879387,Bedri Gursoy
Q4881624,bekir karayel
Q4881630,Bekir Sıtkı Bircan
Q48862,Aldershot Town F. C.
Q48898,levent district
Q48911,f.c. lorient
Q4891949,Berkay Onarici
Q4893434,national heap
Q48954,york city football club
Q489902,nordlingen
Q4900437,Beşiktaş J.K. U-21
Q490586,AEC Mons
Q4911929,Billingham Synthonia F C
Q4916380,birkan batuk
Q4916923,birol aksancak
Q4916925,Birol Pekel
Q4917491,Bishop Auckland F. C.
Q4921917,black stockings f.c.
Q4923485,blacktown city demons
Q492826,mke ankaraguecue
Q493464,Bergisch Gladbach 09
Q4939123,Boldmere St. Michaels F. C.
Q4944264,bora vang
Q494472,Kayseri Ataturk Stadium
Q494504,Bludenz
Q4946151,Bornova Belediye
Q494829,bus depot
Q4952937,Boğaziçi Sultans
Q495299,Galatasaray F.C.
Q495426,Ceyhun Eris
Q495428,Bretten
Q4965058,Belgium national youth football team
Q4973770,Bromsgrove sporting
Q497731,viranșehir
Q49790,guido kocer
Q49803,Halil Savran
Q498560,rotenburg (wümme)
Q4987212,Bulancakspor
Q4994260,"Yasin Avcı (footballer, born 1984)"
Q4996176,bulgaria national under-20 football team
Q4998096,burak karaduman
Q4998099,Burak Yacan Yuksel
Q4998107,Buran Beadini
Q4999443,beykan şimşek
Q4999499,erten ersu
Q5,Huamn
Q5000554,bursa nilufer s.a.s.
Q5005274,bulent bal
Q5005275,Bulent Ataman
Q5005280,bülent giz
Q5005286,Bulent Yildirim (referee)
Q5005287,Bülent Uzun
Q5005289,bulent ucuncu
Q5005301,Bünyami Sudaş
Q501223,ffc zuchwil 05
Q501245,S. S. C. Venezia
Q5014111,crvg
Q501693,esperance sportive troyes aube champagne
Q5017127,ali cafer çağatay
Q5017432,Cahit Paşa
Q502401,erlenbach am main
Q5029038,can emre yuecel
Q5031663,Candeğer Kılınçer
Q5032272,Caner Celep
Q503711,"Nordenham, Germany"
Q5057510,Celal Ibrahim
Q5058612,Cem Efe
Q5058615,Cem Kargin
Q5058632,Teddy Yıldız
Q5058726,Cemil Mengi
Q5058727,cemil erlertürk
Q5058768,Cemsir Muratoglu
Q5058859,Cenk Renda
Q50602,man c
Q5064176,ceren sarper
Q506568,Anil Dilaver
Q5065754,cevher özden
Q506906,Koray Arslan
Q507832,bulent korkmaz
Q507956,Yunus Malli
Q508033,Murat Akça
Q508231,Marktredwitz
Q5093235,cheshunt f c
Q509828,mustafa yumlu
Q510379,Baris Atas
Q510428,polat keser
Q5116368,Chungbuk Sportstoto WFC
Q512275,1992 african cup of nations
Q512278,Ozan Evrim Özenc
Q512991,Samed Yeşil
Q513237,kocaelispor
Q5137571,Head basketball coach
Q513840,Konya Idman Yurdu
Q513980,neocæsarea
Q514714,netherlands u19
Q515,city (kentucky)
Q515037,1994 Africa Cup of Nations
Q5152,mustapha kemal pasha
Q516448,Allendorf (Haiger)
Q516529,Seligenstadt
Q517599,Mahmut Atalay
Q5180176,Coskun Birdal
Q5180179,coskun gogen
Q519663,Kosching
Q51974,hamburg sv
Q51976,Fußballverein Werder
Q520207,Diyarbakirspor
Q520369,"walsrode, germany"
Q5203956,d.c. divrigi
Q520549,geologists
Q520623,FIBA EuroBasket 2003
Q5212694,Barrows Farm
Q5212948,Hastings Town F.C.
Q5215702,dandenong thunder
Q522541,Adolfseck
Q522688,Yiğit İsmail Gökoğlan
Q522718,yigit incedemir
Q5228583,Dave Coskunian
Q523813,Kürşat Duymuş
Q523871,Uğur Yildirim
Q524050,emine ülker tarhan
Q5243075,Serdar Dayat
Q524349,seyhan district
Q524378,Wattenscheid 09
Q524619,servet uzunlar
Q525240,Muslum Yelken
Q5257860,Deniz Aydoğdu
Q5257867,Deniz Cinar
Q5257868,Deniz Ozlem
Q526631,bülent ertuğrul
Q526794,fc sportist svoge
Q527626,dilucu
Q5276744,dilek sabanci sport hall
Q527947,Canon Yaoundé
Q528602,Andirin
Q5289382,Dolmabahçe-Bomonti Tunnel
Q5291120,erith town f. c.
Q529162,Özyakup
Q529579,tsv schwaben augsburg
Q530299,Aylin Yaren
Q5303863,Dogan Seyfi Atli Stadium
Q5303893,dogukan pala
Q5320389,"Doger, Ihsaniye"
Q533094,fc viitorul constanța
Q5332344,Ecem Güler
Q5338089,edim demir
Q5338331,edirne 25 kasım stadium
Q5338338,Edirnespor
Q5347662,Efsan Gecgin
Q534799,greater istanbul
Q5360803,Elif Yildirim
Q5362152,tekirdagspor
Q5372,baksetball
Q5372462,emin bülent serdaroğlu
Q5372484,The Entrusted Shadow / From New Zealand to Gallipoli 1915
Q5372601,Emirhan Ergün
Q537301,TSV Havelse
Q5374768,emrah kiraz
Q5374778,emre kahraman
Q5374789,emre yüksektepe
Q5374791,emre i̇şçiler
Q537552,fc teda
Q5376054,Ender Alkan
Q5377,Golfer
Q5377636,engin oztonga
Q5385241,Ercument Kafkasyali
Q5385242,Ercüment Sunter
Q5385245,erdal bibo
Q5385253,erdal sunar
Q5385837,ergun öztuna
Q5385847,Ergün Batmaz
Q5385854,erhan aydın
Q5385857,erhan kuşkapan
Q5385859,erhan namlı
Q538793,IFK Vaernamo
Q538844,BSV Villach Juniors
Q5389625,eriş özkan
Q5389646,Erkan Veyseloğlu
Q5389647,Erkan Öztürk
Q5389872,Erman Güraçar
Q5389873,Erman Öncü
Q5395762,ersan dogu
Q5395921,ertugrul arslan
Q539734,Tanju Colak
Q5398173,Eskişehir Demirspor
Q5398176,eskişehir football league
Q5398179,Eskisehirspor Magazine
Q5398426,TV series
Q5399292,esra erol
Q541779,Sông Lam Nghệ An
Q5418784,Evren Erdeniz
Q542,Athletics (European)
Q5423529,eşfak aykaç
Q5423714,f.c. porto b
Q5424829,fc augsburg amateure
Q5424958,PFC Haskovo
Q5424977,FC Ingolstadt 04 II
Q5426252,FK Mladost Velika Obarska
Q5426301,Trepča Kosovska Mitrovica
Q5429620,fahrudin durak
Q543710,Aykut Akgün
Q5437785,fatih egedik
Q5437796,Fatih Nurullah Turan
Q5437805,"Fatih Öztürk (footballer, born 1983)"
Q5443324,fenerbahçe s.k. a2
Q5443333,fenerbahçe tv
Q5444279,Ferhat Çerçi
Q5444282,Ferhat Korkmaz
Q5444316,Feridun Sungur
Q544714,Mehmet Yozgatlı
Q5448244,fikret kırcan
Q5448245,fikret orman
Q546557,FC Kainar
Q546814,muhammed demirci
Q547786,Arif Şahin
Q547797,serkan balcı
Q548204,hursut meriç
Q548218,Ergun Teber
Q548234,Sidney Cristiano Dos Santos
Q548270,hurriyet gucer
Q548294,Okan Deniz
Q548327,fuat capa
Q548811,Sinan Oren
Q54922,Real Madrid-Teka
Q54988,dinamo baku
Q55,Netherlands (European territory)
Q5506899,Fuat Kalkan
Q5506902,fuat yaman
Q550712,kamil corekci
Q550735,hakan özmert
Q550752,Murat Yildirim (footballer)
Q550758,Aydin Toscali
Q550789,sinan ozkan
Q550935,mert erdoğan
Q550947,sercan kaya
Q5511809,Firat Akkoyun
Q551564,malik fathi
Q551614,Cumali Bisi
Q551618,Halil Çolak
Q551622,atilla yıldırım
Q5522033,garbis i̇stanbulluoğlu
Q552253,Kerim Koyunlu
Q5523725,Garo Hamamcıyan
Q552535,ahmet çakar
Q552569,tevfik köse
Q5526482,gaskispor
Q552804,tugay semercioğlu
Q552808,ferhat kiraz
Q5529125,Gazi warriors
Q5529131,Gazi Üniversitesispor
Q553004,Ferhat Pehlivan
Q553032,Gokhan Keskin
Q553130,fatih keleş
Q554001,Salih Uçan
Q554088,Savas Yilmaz
Q555091,Engin Baytar
Q555534,Cenk İldem
Q555889,Serdar Kesimal
Q556085,fethi heper
Q556089,fikri elma
Q556101,cafercan
Q556114,Cem Pamiroğlu
Q556128,ali kuçik
Q556161,alper balaban
Q556417,new ankara stadium
Q556437,ankara demirspor
Q556570,buyuksehir belediye ankaraspor
Q5575,"werdohl, germany"
Q5576137,godalming town f.c.
Q558754,kerem inan
Q559158,Fatih Tekke
Q559520,langenau (wuerttemberg)
Q560001,Elvir Balic
Q5601635,greece men's national under-19 basketball team
Q56036,Berlin (West)
Q561068,specialty television
Q5620134,Isa Demir
Q562157,Erol Bulut
Q5626475,Gokhan Bozkaya
Q5626478,gokhan birben
Q5626479,gökhan kök
Q5626480,gökhan çalışal
Q5626484,Goekhan Tokgoez
Q5626514,Göksu Üçtaş
Q5626872,gulsah kiyak
Q5626874,Gümüşay
Q5626927,Gunduz Tekin Onay
Q5626968,Güneş S.K.
Q5627138,Gurkan Ekren
Q5627174,Güven Gürsoy
Q5627176,guven guneri
Q563145,Furkan Alakmak
Q563166,damir ibrić yüksel
Q5640307,Hakan Akman
Q5640313,Hakan Cengiz
Q5640549,hakki hocaoglu
Q5640551,Hakkı Yeten
Q5644342,Hamburger SV Amateure
Q5645566,HIF
Q5647750,Hanefi Mahçiçek
Q565412,sezer öztürk
Q5656849,"Harem, Istanbul"
Q566141,ssvg velbert
Q566165,Optik Rathenow
Q566179,torgelow sv
Q566187,wuerzburger fv
Q566195,Hammer SpVg
Q566653,fc 08 villingen
Q567406,Mustafa Dogan
Q5678101,Hasan Ahmet Sari
Q5678310,Hasan Yigit
Q568276,bonner sc
Q569272,Sinan Bolat
Q570842,Antalya Ataturk Stadium
Q570843,Antalya Marathon
Q570978,Doğan Babacan
Q571158,Sogndal Idrettslag
Q571553,Motor Babelsberg
Q572134,nj nets
Q573111,Serkan Çalık
Q573135,ali bilgin
Q573150,Ceyhun Guelselam
Q573208,caner osmanpasa
Q573330,yasin öztekin
Q575370,San Jose Earthquakes (MLS)
Q5760653,Hikmet Topuzer
Q5762011,hill 10 commonwealth war graves commission cemetery
Q5762031,Hill 60 Commonwealth War Graves Commission Cemetery
Q577265,Serdar Ozkan
Q577760,Ugur Tütüneker
Q577979,jabá
Q579117,Prote
Q579369,2002–03 super lig
Q580003,tatung club
Q580705,Rahim Zafer
Q581247,Kemalettin Senturk
Q582423,FC Sydney Croatia
Q5844,aslı çakir
Q584483,cihan can
Q584658,Vauban Strasbourg
Q585487,güngören belediye spor
Q586,Bonn
Q586379,Ferdi Elmas
Q586434,egridir
Q587385,Metin Akan
Q587509,k. beringen-heusden-zolder
Q58780,kuringen
Q588319,bfc turkiyemspor
Q588864,berkin kamil aslan
Q592241,iraklis thessaloniki fc
Q593270,SR Brașov
Q5940588,north coburg united
Q5948518,Hurser Tekinoktay
Q5964960,hüseyin cengiz
Q5965017,Huesnue Zeybekoglu
Q5965022,husnu cakirgil
Q597115,1998 African Nations Cup
Q597945,sivas 4 eylul stadium
Q597980,Ontspanning Door Inspanning Juliana Combinatie Rosmalen
Q597992,Västra Frölunda I.F.
Q5985349,matiyes mete
Q599416,Sinope (Paphlagonia)
Q60,new york city
Q6008444,yeni milasspor
Q6009042,Özge Kavurmacıoğlu
Q601163,Turgay Bahadır
Q601723,Netherlands U17
Q6017673,aysun boyacı
Q6019806,olcay çetinkaya
Q6022368,filiz kadogan
Q6023123,okan çevik
Q6025379,Kemal Kaynas Stadyum
Q6029131,murat alyüz
Q602918,Vasalund/Essinge IF
Q6029698,Ormanspor
Q603271,fc aarau on loan
Q6035413,mustafakemalpasaspor
Q6035566,nese sensoy yildiz
Q6036237,Sivas Dört Eylül Belediyespor
Q6036484,husnu savman
Q6036826,Konak Tunnel
Q6037667,kayseri sekerspor
Q6037819,muslih peykoğlu
Q6038272,kemal gülçelik
Q6038291,Melike Bakırcıoğlu
Q6039509,Fikret Karabudak Stadium
Q6039559,eskişehirspor (women)
Q6041016,Galip Kulaksızoğlu
Q6041238,yeni salihlispor
Q6041361,uzunköprüspor
Q6042593,Yener Arıca
Q6045389,Konak Belediyesi
Q6045919,Dumlupınar Stadium
Q6046220,vedii tosuncuk
Q6046310,Muhammet Reis
Q6046814,Cem Akdag
Q6047937,nagehan aksan
Q6047970,malatya arena
Q6049237,barış aysu
Q6049910,surmenespor
Q6050230,ömer arslan
Q6051135,tekelspor
Q6051463,Cavit Cav
Q6051568,Lale Orta
Q6052818,niyazi sel
Q6052897,Arzu Tan
Q6053055,Silivrispor
Q6053780,Turkish Women's Second Football League
Q6054151,Ahmed Şerafettin
Q6054194,Halit Deringör
Q6054662,Cevat Seyit
Q6054815,selahattin torkal
Q605498,Osman Ozkoeylue
Q6055982,ali cansun begeçarslan
Q6056366,1207 antalya muratpaşa belediye spor
Q6056478,iskenderun 5 temmuz stadium
Q6056937,iskenderunspor 1967
Q6057336,Tevfik Taşçı
Q6057355,Yeşilova S.K.
Q6059067,Abdülaziz Demircan
Q6059086,Mehmet Resat Nayir
Q6059279,Sadik Çiftpinar
Q605947,Kagan Timurcin Konuk
Q6060807,Adana İdman Yurdu
Q6060813,denizli basket
Q6062228,Ümraniyespor
Q6063007,12 subat stadium
Q6063907,Berk İsmail Ünsal
Q6064566,mertcan demirer
Q6065647,IWFC
Q6065830,Ali Gencay
Q6066793,hamdi aslan
Q6066889,sema aydemir-apak
Q6067075,new 4 eylül stadium
Q6068242,luleburgaz 39 spor
Q6069133,nazmi bilge
Q6069786,Refik Osman Top
Q6070874,i̇brahim akdağ
Q6071164,selim mahmud imamoglu
Q6075319,yusuf akbulut (footballer)
Q6075572,Ulvi Yenal
Q6076272,Doğan Erdoğan
Q607752,Wederson Luis da Silva Medeiros
Q6077828,Berat Tosun
Q6078377,Galip Güzel
Q6078837,Şehnaz Dilan
Q6080023,VANSPOR A.Ş.
Q608027,mustafa ertan
Q608122,kayserispor
Q6081427,Vedat Kapurtu
Q6081540,Melih Kotanca
Q6082587,mehmet bölükbaşı
Q60836,tunay torun
Q60841,Mehmet Ekici
Q6084146,erkan sozeri
Q6084515,Suleyman Ozdamar
Q6084804,Burhan Atak
Q6084884,Ali Kires
Q6085055,berk yıldız
Q6085716,arhavispor
Q6085825,trabzon akçaabat futbol kulübü
Q6085869,Akasya Asiltürkmen
Q6086996,i̇lkay durmuş
Q608719,Beyoğlu SK
Q6087377,bayram bektaş
Q6087436,israel national under-18 football team
Q6087822,mehmet ali has
Q6088598,Istanbul Cavaliers
Q6088607,istanbul championship league
Q6089043,Reha Eken
Q6089055,eyüp arın
Q6089409,fikret yılmaz
Q6089596,yakup ramazan zorlu
Q6089726,Yiğitcan Gölboyu
Q6090437,Corluspor
Q6090957,Yılmaz Yücetürk
Q6091261,Hasan Ozer
Q6091798,ankara adliyespor
Q6092759,Bursaspor TV
Q6092821,ali sasal vural
Q6093000,zafer tuzun
Q6093113,Uğur Çiftçi
Q6094502,hasan vezir
Q6095543,nevra serezli
Q6095742,mehmet burak kağan uca
Q6095974,Kemal Ozdes
Q6096283,halil eren
Q6096316,Bilgin Defterli
Q6096581,ilhan depe
Q6097460,Amator Futbol Ligleri
Q6097629,Yüksel Yesilova
Q6097666,Muzaffer Tokac
Q6098101,Huseyin Cakiroglu
Q6098614,Trabzon Idmanocagi (women)
Q609926,Sportfreunde Siegen II
Q6099597,stadyum samsun
Q6100109,Okan Derici
Q6100464,Turgut Ucar
Q6100927,Seyit Cem Ünsal
Q6102084,ismail kurt
Q6102122,Eyyüp Hasan Uğur
Q6102130,reşit kaynak
Q6102594,Naci Ozkaya
Q6102963,Karagumruk
Q6103420,Ahmet Kandemir
Q6104377,Trabzonspor in European football
Q610456,OFC Sliven
Q6105761,Besiktas J.K. in European football
Q612870,musa cagiran
Q612897,Atilla Koca
Q614261,1989-90 1.Lig
Q614470,fatih akyel
Q615362,Anil Karaer
Q615372,anil tasdemir
Q6159273,nahir oyal
Q61655,gokhan tore
Q617680,erman kılıç
Q618779,awards/sandbox
Q61942,Wachbach (Bad Mergentheim)
Q621824,kingfisher east bengal f.c.
Q622430,Djurgardens IF Fotboll
Q623109,Sports leagues
Q623678,araban
Q625727,Arameiska-Syrianska KIF
Q6258358,mahmut ozen
Q626165,Arabraces
Q626344,Araripina
Q626917,Chamois Niortais
Q628099,Association football manager
Q628745,Atatürk Kupası
Q629032,baykal kulaksizoglu
Q630348,bucaspor
Q630533,"Tire, İzmir"
Q630587,Hasan Ucuncu
Q630890,raufoss idrettslag
Q631,S.S. Ambrosiana
Q632382,Hakan Arıkan
Q6332338,kk čelik
Q6334727,ottawa nasl team
Q633521,a.c. lugano
Q633810,ehringshausen
Q6341873,özgür yasar
Q634235,Tanju Kayhan
Q6345681,kadri kordel
Q6345871,kadikoey rugby
Q6347158,hanefi mahcicek (stadium)
Q635654,lyngby boldklub
Q636315,helmondia '55
Q637120,nazilli
Q63720,Serdar Tasci
Q6373389,Kars S.K.
Q637427,orihuela cf
Q6374779,Kastamonu Gazi Stadium
Q6374940,kasım yıldız
Q637710,Berkant Goktan
Q6380697,kayseri atatürk stadium disaster
Q6381835,Cemal Guersel Stadyumu
Q638268,tsyd kupası
Q6386814,Kemal Akbaba
Q6386824,kemal dinçer
Q6386825,Kemal Faruki
Q6386829,Nejad Kemal Kavur
Q6388863,kendal ucar
Q638938,paris saint germaine racing basket
Q639014,"kartal, i̇stanbul"
Q639240,eneacossia
Q639349,The Valley (Redditch)
Q639525,sv sandhausen 1916
Q639560,tennis borussia
Q639569,eintracht wetzlar
Q639574,Spandauer SV
Q639723,bk häcken
Q64,Berlim
Q64044,Bellinzona
Q640726,mulhouse f.c
Q64099,Brugg (Aargau)
Q641226,Sports arenas
Q641373,gençlerbirligi sk
Q64156,Arbon TG
Q6416999,Marske United
Q6417282,norton & stockton ancients f. c.
Q6417318,Needham Market F C
Q642491,Aydin Ors
Q6430452,konyaspor kultur och if
Q643107,Denizlispor
Q6431452,koray karagözoğlu
Q643196,Mehmet Akgun
Q6432248,Korhan Ozturk
Q644315,nadir çiftçi
Q6449636,kvarnby ik
Q6454263,Küçükçekmece S.K.
Q645473,Erkan Kas
Q646042,Murat Sahin
Q646079,Germinal Beerschot
Q646135,new york cosmos (1971–85)
Q6463,f.c. st. pauli
Q64785,ümit ergirdi
Q647893,sv westmark 05 trier
Q648,"Lille, France"
Q64831,"kula, turkey"
Q64835,Özcan Arkoc
Q648382,sc veendam
Q6487,attalea in pamphylia
Q650273,Switzerland national under-17 football team
Q650569,Erbaa
Q650630,seleucia on the calycadnus
Q6509,burghas
Q650917,R. E. Virton
Q651714,bulgarian national under-21 team
Q651954,"Adın, Olcan"
Q653119,fc omniworld
Q6534795,levent yalcin
Q6535209,levent yilmaz
Q6548,france orleans
Q655059,ETB Schwarz-Weiß Essen
Q656214,Bekir Ozan Has
Q656433,Yugoslavia national U-21 football team
Q656838,alper potuk
Q656960,fuchse berlin reinickendorf
Q657127,Xopa
Q659212,fussballclub st. gallen 1879
Q659367,niyazi serhat akın
Q659743,1967-68 Turkish First Football League
Q6600727,List of Turkey national football team managers
Q6601875,fenerbahçe s.k. (football)
Q6602,"strasbourg, france"
Q660534,arif erdem
Q660554,arif morkaya
Q660572,Arif Peçenek
Q662140,Yildirim Bosna S.K.
Q662673,Volkan Yaman
Q663918,Deniz Naki
Q6651,brescia calcio in european football
Q6651354,Kahramanmaras Buyuksehir Belediyespor
Q665920,sg ordnungspolizei lübeck
Q666010,sc verl
Q666024,SC Pfullendorf II
Q666036,sc westfalia herne (football club)
Q666067,sportfreunde lotte
Q6660987,Huseyin Saygun
Q666104,vfb speldorf
Q666155,preußen berlin
Q666179,mannheimer fc viktoria 97
Q666289,Concordia Basel
Q666430,FC Tuggen
Q666910,Hilmi Ok
Q667457,Necip Uysal
Q668147,Konya Atatürk Stadyumu
Q668573,fc chiasso
Q668698,fc dornbirn 1913
Q669053,FC Munsingen
Q669130,yverdon fc
Q669752,terme
Q669791,ali kemal denizci
Q670438,cashpoint sc rheindorf altach
Q67048,"grabs, switzerland"
Q671101,SC Eisenstadt
Q671368,sr delemont
Q671731,Deniz Barış
Q6722853,Beitar Bat Yam F.C.
Q673073,eyüp
Q6734655,mahmut hoşgiz
Q6734669,mahmut ozgener
Q673651,sc-esv parndorf 1919
Q674434,endogan adili
Q674799,FC Bienne
Q6758336,"Emirali, Luleburgaz"
Q67631,sercan sararer osuna
Q67639,tas coskun
Q676847,ahmet yıldırım
Q6782507,masalli (village)
Q678425,history of głuchołazy
Q678582,Switzerland national under-21 football team
Q679521,1970–71 Turkish First Football League
Q679802,Wrestling at the 2008 Summer Olympics - Men's Freestyle 66 kg
Q6804833,mecnur colak
Q6809575,mehmet ali aydınlar
Q6809622,Mehmet Hacıoğlu
Q6809635,Mehmet Leblebi
Q6809649,mehmet kiskac
Q6810955,melahat eryurt
Q68129,olten
Q6813752,meltem akar
Q6816606,menderes sports hall
Q6820635,mert somay
Q6820644,mertan caner ozturk
Q6820825,Merve Aladag
Q6822182,mesut ozgur
Q6823377,Mete Adanir
Q6823383,james metecan birsen
Q6824101,metin tuğlu
Q6824102,Metin Türel
Q682960,engin verel
Q682981,"altındağ, ankara"
Q6832,great ravensburg trading society
Q683351,syrianska föreningen
Q683476,Professional advisors
Q6850,peine
Q6859880,Turkish Football Talent of the Year
Q686826,first vienna fc
Q6869,heidenheim an der brenz
Q686984,Civil strife
Q6880,Neunkirchen (Saar)
Q688300,S C Beira-Mar
Q689868,Campos dos goytacazes
Q689889,SV Horn
Q690045,fc le mont
Q690082,Urania Genève
Q690129,selim teber
Q690145,Taner Yalcin
Q690476,barış özbek
Q6905,Frankenthal (Palatinate)
Q692000,Ferhat Coekmues
Q692061,Gurkan Sermeter
Q692105,erhan kavak
Q692122,serkan şahin
Q692186,FC Lustenau 1907
Q692571,sk viktoria aschaffenburg
Q692586,VfR Aalen
Q692599,TURU Düsseldorf
Q692691,sv 07 elversberg
Q692704,berlin ankaraspor
Q692755,sg sonnenhof grossaspach
Q6931,"boblingen, germany"
Q6932255,Muhafızgücü
Q6932987,Muhammet Hanifi Yoldaş
Q6933005,Muharrem Uz
Q6937410,murat karakoc
Q6937422,murat salar
Q6937424,murat selvi
Q6937430,Murat Torun
Q6937441,murat öztürk
Q6937446,Murat İbrahim Uslu
Q693909,mfk košice
Q693929,monokarton
Q6943251,Mustafa Cevahir
Q6943354,Mustafa Cakir
Q6943432,mustafa durak
Q6943982,Mutlu Dervişoğlu
Q694464,FC Gutersloh 2000
Q695008,vfr 04 köln
Q6950448,muefit erkasap
Q6950475,Mujdat Karanfilci
Q6950477,Mujdat Gursu
Q6950479,Müjde Yüksel
Q6950588,Muslum Can
Q6954,"melle, germany"
Q695784,Karlsruher FV
Q695939,khazar lankaran
Q6961313,natalia nasaridze
Q696474,FAC Team für Wien
Q696507,sc austria lustenau
Q696525,Blau-Weiß Linz
Q697338,Ekrem Dag
Q697343,yasin pehlivan
Q6979740,National under-21 football team
Q698591,"Hohenems, Vorarlberg"
Q698702,fc trenkwalder admira
Q699184,sv austria klagenfurt
Q699429,atdhe nuhiu
Q699746,TSV Hartberg
Q70,Berne (Bern)
Q700319,taner ari
Q7005353,new antalya stadium
Q7009690,New Konya Stadium
Q7012155,akyazı stadium
Q7021,bünde
Q7021618,Nezih Ali Bologlu
Q7021626,Nezir Sağır
Q702455,rb leipzig
Q7028,kamen-methler
Q702865,bfc viktoria 1889
Q7034218,Nihan Kantarci
Q7036638,Nikos Kovis
Q7047,Kroetzenach
Q7067345,noyan öz
Q7070105,Nurhayat Hiçyakmazer
Q7074109,oakleigh cannons fc
Q7081769,okan oztuerk
Q7081770,Okan Özçelik
Q7082662,Oktay Kuday
Q708808,tayfun korkut
Q7095093,onur acar
Q7095095,onur aydin (footballer)
Q7095097,onur içli
Q7095098,Onur Demirtas
Q7095099,Onur Uras
Q710110,mehmet oktav
Q7102169,Orhan Atik
Q7102175,Orhan Hacıyev
Q7102177,Orhan Kapucu
Q7102180,Orhan Ucak
Q7116208,oyak renault g.s.d.
Q7116774,Oğuz Çalışkan
Q7116778,oguzhan tuzun
Q7118408,t-team fc
Q7131702,panter howitzer
Q713581,kerim zengin
Q71390,Deniz Yılmaz
Q71403,Ugur Inceman
Q714112,Artun Akcakin
Q7156,F.C.Barcelona
Q716673,Kemal Aslan
Q716680,Umut Kocin
Q716924,Sueleyman Seba
Q718,Play chess
Q718298,turkey super cup
Q718457,hasan guengoer
Q718999,arzu sema canbul
Q719346,Hasan Kabze
Q719388,Ramazan Shahin
Q72,Zürich City
Q721884,Tinaz Tirpan
Q722056,cihan haspolatlı
Q7223434,aşti̇
Q7230792,port melbourne sc
Q723476,karabagh agdam
Q724065,azerbaijan national football team u-21
Q725073,Ercument Sahin
Q725150,azar karadas
Q725332,GIF Sundsvall
Q725521,2000 African Nations Cup
Q725619,Bilal Aziz Ozer
Q725766,mehmet cakir
Q725800,2002 African Cup of Nations
Q726183,tff
Q726288,fenerbahce (istanbul neighbourhood)
Q7265034,pınar saka
Q726792,2008–09 süper lig
Q727,mokum
Q727163,fevzi zemzem
Q727531,Márcio Ferreira Nobre
Q727569,yalçin ayhan
Q7278,Party member
Q728796,uche okechukwu
Q7289146,Ramazan Kahya
Q7289153,Ramazan Tavşancıoğlu
Q7291,Badmiton
Q729560,ab-me/randers fc
Q729830,Aykut Erçetin
Q729999,Erguen Penbe
Q7302343,recep adanir
Q7302347,Recep Çelik
Q730284,gokhan gonul
Q730809,nîmes olympique
Q7312283,Remzi Sedat Incesu
Q732002,royal antwerp f.c.
Q732656,Iller Bankasi Women's Volleyball
Q732923,fatih
Q732929,newcastle united jets football club
Q734769,Usakspor
Q735937,Metin Tekin
Q736072,Taksim Meydanı
Q7362519,romania national under-19 football team
Q736511,baris memis
Q737714,Bnei Yehuda F.C.
Q737822,Πέργαμος
Q738060,RKSV Volendam
Q7386936,rıza şen
Q738962,mustafa denizli
Q739287,panathinaikos bc
Q739376,Selçuk Şahin (footballer born 1981)
Q7395129,SV Wehen II
Q739547,"maltepe, i̇stanbul"
Q7395848,Sabahattin Usta
Q7400384,sailing at the 2016 summer olympics
Q740208,turkish first football league 1966–67
Q740321,Oguz Sabankay
Q7403243,sakip ozberk
Q740385,Mustafa İzzet
Q741098,siege of antioch (1098)
Q741382,kapfenberger sv
Q7423963,Sargon Cicek
Q743236,"diest, belgium"
Q743587,Divrigi
Q7445146,sedat yesilkaya
Q7447448,Selahattin Kınalı
Q7448417,Selim Soydan
Q7448961,selçuk baştürk
Q7453010,Sercan Görgülü
Q7453011,sercan temizyürek
Q7453020,Serdal Kul
Q7453032,Serdar Guenes
Q7454537,Serhat Ulueren
Q7454538,serhat sagat
Q7454945,serkan acar
Q7454951,serkan silan
Q7454954,serkan yildik
Q7454959,serkan ozdemir
Q7455463,Sertan Eser
Q7459061,Seyhan Cenk Tekelioğlu
Q7459063,seyhan yildiz
Q7459445,sezer sezgin
Q7459643,Seckin Getbay
Q746046,Assyrian national team
Q746516,Bagcilar
Q746811,Malasgert
Q747003,Sercan Yildirim
Q747209,turkish first football league 1985-86
Q747378,2009–10 Süper Lig
Q748445,Eskisehirspor
Q748725,melbourne heart football club
Q749113,sk kaernten
Q749138,Mjallby AIF
Q749589,Go Ahead Eagles Deventer
Q750083,eurobasket 2005
Q750437,skoda xanthi
Q7507,unterstraße
Q750779,Turan-Tovuz IK
Q751820,inonu stadium
Q752145,Türkiye Kupası
Q7521743,sinan alaagac
Q7521748,demircioğlu
Q7521769,Sinan Uzun
Q752528,bakirköy
Q75257,Çorumspor
Q753004,Namys Astana
Q753110,Songwriting
Q753135,atacan ozturk
Q753207,Atakan Cangöz
Q753752,Gemlik
Q753882,ataşehir
Q754327,1990 African Nations Cup
Q754339,if brommapojkarna
Q75445,yozgat province
Q7546731,Smyrna FC
Q755887,atila turan
Q755911,Atilla Birlik
Q755921,atilla özmen
Q7560939,soner sucu
Q7560940,Soner Ergençay
Q7570496,southern stars sc
Q757098,rad belgrade
Q757107,2005 european cup final
Q757170,Atlas Delmenhorst
Q7572132,SpVgg 05 Oberrad
Q7572134,spvgg fürth ii
Q7572137,SpVgg Unterhaching Amateure
Q75729,Sporting Clube Portugal
Q7576302,spennymoor town f.c.
Q7579842,Sports director
Q758356,atınç nukan
Q75857,Nuri şahin
Q759156,Erkan Özbey
Q7596731,Stafsinge IF
Q760736,Stade lavallois
Q7618561,Stokesley S.C.
Q7628339,Studley F C
Q762860,sukru gulesin
Q76322,yildiray basturk
Q763465,hakan çalhanoğlu
Q764149,cenk guvenc
Q764830,Araklı
Q765123,yueregir
Q7659182,Switzerland national under-16 football team
Q7666455,sogutlu athletics stadium
Q7671747,TSV 1860 München Amateure
Q767468,Gokhan Unal
Q7678510,halil paşa topçu kışlası
Q7681154,"tamer tuna (footballer, born 1991)"
Q7682558,Taner Demirbas
Q7687059,tarık daşgün
Q768895,1973-74 turkish first football league
Q7689783,Tayfun Ridvan Albayrak
Q7689784,Tayfun Seven
Q7689786,Tayfur Bingol
Q7689788,tayfur emre yilmaz
Q7692565,technology development foundation of turkey
Q769512,Bosnia and Herzegovina national under-21 football team
Q7695354,Tekin Sazlog
Q7695654,telat uzum
Q7696166,telefoncular fc
Q7700297,Tennis Borussia Berlin (women)
Q770552,turkish first football league 1984-85
Q7707129,Tevfik Altindag
Q771678,orhan gülle
Q774413,Bulent Under
Q775225,history of uzunköprü
Q775542,serdar ozbayraktar
Q776593,Onur Ayık
Q77834,okan aydin
Q78,Basilea
Q780539,Atlético Madrileño
Q780735,bk frem
Q7807701,Timur Yanyali
Q7813519,Gaziosmanpaşa Stadyumu
Q7814249,Tolgay Özbey
Q781843,feyyaz uçar
Q782012,australia women's football (soccer) team
Q782070,oktay derelioglu
Q782387,fc oberneuland ii
Q782660,Yılmaz Vural
Q7831112,Trabzon Football League
Q7831114,trabzonspor a2
Q783301,nordfjordeid
Q7835560,darb-ı sak
Q7851448,tufan esin
Q7852800,Tunahan Cicek
Q7852870,Tunch Ilkin
Q7855039,turkey national under-23 football team
Q7855163,turkey national amputee football team
Q7855167,Turkey national under-19 football team
Q7855168,Turkey national under-20 football team
Q7855271,Turkish Futsal Championship
Q7855307,bölgesel amatör lig
Q7855349,Turkish football clubs in European competitions 1990-99
Q7857303,tugba karakaya-koyuncu
Q7857311,Tuğçe İnöntepe
Q7862456,Türkan Erişmiş
Q787409,Volkan Şen
Q787437,Necati Ates
Q7878781,Ulas Guler
Q7880,Ville rose
Q7881870,umut kekilli
Q7905149,Uzun Yusuf
Q7905366,ugur arslan kuru
Q7905374,Ugur Kapisiz
Q7905376,Ugur Erdogan
Q7905380,Ugur Isikal
Q7908589,vahap isik
Q7908591,Vahap Ozaltay
Q791164,Avispa fukuoka
Q7915372,Var misin? Yok musun?
Q791567,bayrampaşa
Q791607,Basaksehir
Q7917937,Vedat Uysal
Q7924284,VfL Bochum Amateure
Q792898,Aydin Yilmaz
Q792916,aydınspor
Q792946,ayhan gezen
Q792953,Tuna Üzümcü
Q792977,aykut demir
Q792999,Aykut Yigit
Q793007,aykut kocaman
Q793009,Aykut Çeviker
Q793016,aykut ozturk
Q793314,Aytac Ak
Q793318,aytac kara
Q793319,aytaç sulu
Q793379,ayvalikgucu belediyespor
Q793383,Kydoniai
Q7940221,Volkan Bekci
Q794351,beicos bay
Q794382,"beypazari, ankara"
Q796170,Bk forward
Q797026,BSV Olper 2000
Q797165,bv cloppenburg (women)
Q79808,Constanca
Q79846,"Aydın İli Province, Turkey"
Q79857,cogni
Q79859,2014 WC
Q7988367,Western Sydney Wanderers FC (W-League)
Q799805,bafra
Q800068,cenk sahin
Q800217,bahar doğan
Q800230,bahattin köse
Q80034,ermeni kıyımı
Q801,ISRAEL
Q803,"Utrecht, Netherlands"
Q803670,bahtiyar yorulmaz
Q8037918,wrestling at the 1996 summer olympics - men's greco-roman 62 kg
Q804428,baki mercimek
Q804557,bakirkoyspor
Q8047234,Yakup Gor
Q8047237,Yakup Sertkaya
Q8050427,Yavuz Şimşek
Q8050668,yağmur uraz
Q8050673,yağız göktuğ taşbulak
Q805073,Balkan Cup
Q80561,"Antiocheia, Hatay"
Q805909,balikesirspor
Q8061400,yunus i̇çuz
Q8061402,yunus cankaya
Q8061943,Yusuf Emre Gültekin
Q8061986,Yusuf Soysal
Q8061991,yusuf yilmaz
Q8062001,yusuf öztürk (footballer)
Q8062631,yılmaz şen
Q806415,Bandirmaspor
Q8064279,zafer kılıçkan
Q8064280,Zafer Kalaycıoğlu
Q8064289,zafer şakar
Q8066722,zarema khalilova
Q8067594,zaza enden
Q8068673,zeki önatlı
Q8068773,Zeliha Şimşek
Q8069966,zeytinburnu stadium
Q807,"lausanne, switzerland"
Q8077542,group carsi
Q807762,Barbaros Barut
Q8077752,Cigdem Dede
Q8078961,omer sepici
Q8079132,ozge gurler
Q8079144,Özlem Becerikli
Q8079147,Özlem Kaya
Q8079465,Ümit Bilican
Q8079469,ümit bozkurt
Q8079472,Ümit Sonkol
Q8079473,Umit Can Batman
Q8079476,Ümit Kayıhan
Q8079477,Ümit Turmuş
Q8080018,Ibrahim Arat
Q8080021,i̇brahim ege
Q8080052,i̇hsan sabancı
Q8080112,Inanc Koc
Q8080162,İpek Derici
Q8080175,İrfan Saraloğlu
Q8080178,i̇sa kaykun
Q8080193,İskender Köksal
Q8080210,Ismail Keles
Q8080211,İsmail Köse
Q8080212,Ismail Kartal
Q8080222,Ismail Ozgur Goktas
Q8080262,İzmit Büyükşehir Belediyesi SK
Q8080277,izzet kaya
Q8082477,Senol Fidan
Q8082483,Şenol Birol
Q8082485,şenol çorlu
Q8082488,Seref Stadium
Q8082620,sukran albayrak
Q80845,sport club internacional b
Q808661,Mustafa Ozkan
Q809709,barış başdaş
Q809714,bariş örücü
Q810916,Battalgazi
Q81096,list of famous engineer
Q811050,Batuhan Karadeniz
Q812098,turkish women's first football league
Q812127,Bayelsa United
Q812128,Bayer 04 Leverkusen (women)
Q812592,Bayram Olgun
Q812593,Bayrampasaspor
Q812595,bayram şit
Q81274,Eurobasket 2009
Q812746,prime minister's cup
Q8132,1924 paris
Q8138,The 1928 Summer Olympics
Q814550,behram zulaloglu
Q814738,beijing football club
Q81492,Türk Telekom Arena
Q8150,Berlin Olympic Games
Q815029,bekir yilmaz
Q815037,irtegun bekir
Q815324,Belde
Q815349,belediye vanspor
Q81551,Konya Province
Q815515,Belgium national under-21 football team
Q81643,"manavgat, antalya"
Q817497,benjamin fuchs
Q818698,Velež
Q81888,ajax fc
Q819322,Bergama Belediyespor
Q819354,casseler fv
Q819367,ssv reutlingen
Q819382,Borussia Neunkirchen
Q819400,SV Meppen (women)
Q819419,vfr wormatia worms
Q819597,ersen martin
Q819832,Volkan Ekici
Q820135,Dilaver Güçlü
Q820143,Olcay Şahan
Q820148,Eser Yağmur
Q820154,Nurettin Kayaoğlu
Q820773,berk neziroğluları
Q820816,Berkay Tolga Dabanlı
Q820817,Berkay Can Degirmencioglu
Q820820,berkay samanci
Q82096,Denizli ili
Q822021,Tours F.C.
Q822742,Ensar Baykan
Q822762,kerem demirbay
Q822825,tus erndtebruck
Q823128,tus dornberg
Q823876,serkan atak
Q823922,burhanettin kaymak
Q823933,kaan söylemezgiller
Q823947,Fatih Ceylan
Q823959,"selçuk şahin (footballer, born 1983)"
Q823974,Detlef Müller
Q823989,haluk türkeri
Q824004,bilal çubukçu
Q824366,Oguzhan Kefkir
Q824377,Murat Kalkan
Q824414,Mirkan Aydın
Q824423,soner uysal
Q824433,Rahman Soyudoğru
Q824590,cenk isler
Q824850,Gaziantep Büyükşehir Belediyespor Kulübü
Q82595,fussball bundesliga
Q826107,1996 African Cup of Nations
Q826212,VfB Oldenburg II
Q826386,Hamburger SV (women)
Q828338,tsv 1861 noerdlingen
Q82838,freudenstadt
Q828677,Bertul Kocabas
Q829019,burak can kunt
Q82902,erkan
Q82917,Zell am Andelsbach
Q82955,Politician
Q830153,tsv ampfing
Q83032,county of urach
Q830528,velodrome
Q83061,Van city
Q83062,Donaueschingen
Q83069,sakarya province
Q831254,brandt hagen
Q83157,palanquinha (2010 africa cup of nations mascot)
Q831602,eintracht norderstedt
Q831872,Volkan Altın
Q831879,"Musa ""kila"" Celik"
Q831887,fc ismaning
Q831896,hamza çakır
Q831908,Ugur Albayrak
Q831952,orkan balkan
Q832125,eren sen
Q832129,abdullah elyasa süme
Q832137,Osman Tarık Çamdal
Q832159,deniz dogan
Q832166,Ferhat Bikmaz
Q832172,Cihan Yilmaz
Q832193,Durmus Bayram
Q832205,Salih Altın
Q832705,Tayfun Pektürk
Q83274,province of hatay
Q83387,Kara Amid
Q83462,🏋️
Q835000,Tutin Municipality
Q83531,Bilis
Q836130,kenan şahin (footballer)
Q836852,TSG Sprockhoevel
Q836857,TuS 1906 Heeslingen
Q836866,FSC Lohfelden
Q837205,Kongsvinger IL Toppfotball
Q83753,gabriel ozkan
Q838112,"History of Wheeling, West Virginia"
Q838534,Parana Clube
Q83965,Kocaeli Province
Q839954,Archaeological district
Q839958,1993 uefa european under-16 championship
Q84,united kingdom/london
Q840040,Rize Atatürk Stadı
Q840044,yenikent asaş stadyumu
Q840258,B.çekmece
Q8403,Bids for the 1948 Summer Olympics
Q8407,helsinki olympic games
Q8407142,tirespor
Q8411,Melbourne 1956
Q841152,Hobro IK
Q841378,DAC Dunajská Streda
Q8415,Games of the XVII Olympiad
Q8418,wheelchair handball
Q8420,Bids for the 1964 Summer Olympics
Q8429,olympic games 1968
Q844271,vissel kobe
Q844931,kashiwa reisoru
Q8466,bavaria kaiserslautern
Q8470,seoul 1988
Q847017,Multisport club
Q847587,salernitana
Q847663,valsta syrianska
Q8488,summer olympics of 1992
Q849139,k.s.k.beveren
Q849497,Bithra
Q849544,k v c westerlo
Q85,abdeen (cairo)
Q852033,Perth Glory
Q8531,1996 summer olympic venues
Q853182,beylerbeyi s. k.
Q854141,haarlem f.c.
Q854167,fortuna sittard
Q8544,2000 summer olympic games
Q854669,Beşiktaş J.K. (basketball)
Q855199,club deportivo atletico baleares
Q8558,2004 Olympic Game
Q8565226,fox sports turkiye
Q8567,2008 Summer Games
Q8577,2012 summer olympics in london
Q857938,i̇stanbul büyükşehir belediyespor (football team)
Q859528,referee whistle
Q860276,bilal gülden
Q860285,bilal kisa
Q862773,oğuzhan türk
Q8639,hellas verona f c
Q865720,borussia dortmund amateure
Q865827,Birol Hikmet
Q8673,metropolitan lagos
Q8678,Rio de janeiro
Q8682,real madrid club de fútbol
Q869929,tsg backnang
Q8701,Atletico Madrid
Q870291,fc chur
Q870640,Yasin Yılmaz
Q871056,ersin demir
Q871938,Volkan Kahraman
Q8723,real betis balompié
Q872545,fc wels
Q873407,sv wienerberg
Q874674,Bulent Kaan Bilgen
Q874677,tsg wörsdorf
Q874689,SV Bonlanden
Q8749,real club celta
Q875120,Sc Cambuur Leeuwarden
Q875169,f. c. den bosch
Q8760,depor
Q876176,ayasoluk
Q876301,2015 afc asian cup final draw
Q876568,MVV Maastricht
Q876583,Donawitzer SV Leoben
Q876699,evv eindhoven
Q876784,cem karaca (footballer)
Q876903,Cem Atan
Q877105,hüzeyfe doğan
Q877394,sercan bilinç güvenışık
Q877617,sg egelsbach
Q8780,Real Club Deportivo Español
Q8806,getafe fc
Q881150,ffc heike rheine
Q8835,Real Mallorca
Q884,S. Koreans
Q884990,fsv 1926 fernwald
Q885182,VfL Kirchheim/Teck
Q885184,sgv freiberg
Q885196,sc fürstenfeldbruck
Q891679,Boluspor
Q893284,Bora Kork
Q893293,bora öztürk
Q893308,afc eskilstuna
Q894012,bornova
Q894325,borchkha
Q896220,Bozüyükspor
Q900933,Süper Lig 2005-06
Q901691,Süper Lig 2001–02
Q9093,Bulach ZH
Q910450,Iğdırspor
Q910453,EC Juventude
Q912417,The Intercontinental Derby
Q913562,1997–98 1.lig
Q914294,turkish first football league 1962–63
Q915241,Samsun 19 Mayis Stadyumu
Q915429,Olti
Q915883,Tokatspor
Q916259,nuri fatih aydin
Q916904,korfez belediyespor
Q916923,1999–2000 Turkish First Football League
Q9183480,Taksimspor
Q919026,Hamza Hamzaoğlu
Q919232,Recep Çetin
Q919302,Lefter Kuecuekandonyadis
Q920263,hertha bsc amateure
Q922443,Mehmet Guven
Q924252,mylasa
Q924604,remzi giray kaçar
Q9248,Baku Oilfields
Q9253396,Emel Dereli
Q926668,hasan doğan
Q927406,SVZW
Q928090,sabih arca
Q928543,"Sivrice, Elazığ"
Q928830,rapid transit station
Q929166,Cumhur Yılmaztürk
Q929360,mersin i̇.y
Q931253,Orkun Uşak
Q931704,ofi crete fc
Q932024,Faruk Nafiz Özak
Q932166,gungoren
Q932886,kadikoy
Q93338,ayntab
Q93347,"mostar, bosnia"
Q933897,denizli belediyespor
Q934321,1996–97 1.lig
Q9347,Male' city
Q935022,McDowell Mohun Bagan AC
Q935299,husqvarna ff
Q936079,Musa Aydin
Q936102,Ibrahim Dagasan
Q936379,Selcuk inan
Q936842,eren albayrak
Q937239,Syrianska IF Kerbura
Q937678,türkiye kadın millî futbol takımı
Q937857,Association football player
Q937866,Adapazari Atatuerk Stadium
Q937898,orhan ak
Q938562,maçka
Q9408,Barnet F.C.
Q941328,Alacati
Q94152,Harun Erbek
Q941740,turgay şeren
Q941983,Ali Turan
Q942003,sedat artuç
Q942014,okan yilmaz
Q942041,serkan aykut
Q942054,roman dabrowski
Q942151,serdar aziz
Q942760,burak kaplan
Q944236,orhan cikirikci
Q945363,Ergani
Q945388,history of polatlı
Q945404,Maypherkat
Q94593,kocaali
Q945940,Bulent Eken
Q945955,Erol Yasin
Q946415,yavuz özkan (footballer)
Q946426,muhammet demir
Q946447,Erkin Caner
Q946473,umut bulut
Q946559,Ufuk Ceylan
Q947749,turkish first football league 1982-83
Q947940,mahmut ertugrul taskiran
Q950336,Ferhat Öztorun
Q951148,Turkish First Football League 1965–66
Q951211,Mehmet Topuz
Q953595,Can Erdem
Q953972,furkan aldemir
Q953983,suat mamat
Q955561,Kulp District
Q955872,welling united f. c.
Q958008,umm-salal sport club
Q958135,Marsiwān
Q958785,eschen/mauren
Q959341,enp paralimni fc
Q961059,Gaziosmanpaşaspor
Q9616,chelsea football club
Q9617,arsenal f.c.
Q962251,erdi oner
Q963947,"Ovacik, Dersim"
Q964711,Spor-Toto Cup
Q9653,Ipswich Town FC
Q965994,black aces fc
Q967071,Kalecik District
Q9674,2010 Vancouver Games
Q967755,emin aladag
Q9678,winter olympics 2014
Q96890,robin yalçın
Q969140,El-Gawafel Sportives de Gafsa
Q970212,ismail isa mustafa
Q970281,Gökay İravul
Q971375,shewa
Q971568,Jatei
Q971740,Ugur Ucar
Q972,huiswaard
Q973219,Soner Aydogdu
Q974,République démocratique du Congo
Q975826,cueneyt koez
Q976396,Lob city
Q977098,mustafa pektemek
Q981326,Ferhat Kaplan
Q982447,mervan celik
Q9826,senior high school
Q982889,RCFF Colombes 92
Q983414,Moses Hamon
Q9859,"oss, netherlands"
Q987939,ionikos nikaias f.c.
Q988069,"of, trabzon"
Q988147,bulanık
Q989553,muğlaspor
Q989883,Bueyuekada Island
Q990201,kağızman
Q990215,Golhisar
Q990305,Karakocan
Q992,Remco Reiding
Q99321,Erhan Albayrak
Q994,Tifflis
Q994217,Sjenica
Q994701,fc bayern munich amateure
Q994811,SV Wüstenrot Salzburg
Q995069,FK Novi Pazar
Q996056,"eregli, konya"
Q996077,tirebolu
Q996670,"Urla (District), Izmir"
Q997619,Buca Arena
Q9978,zaanstad
Q999035,West Sydney FC
Q999346,Ofspor
