entity_id,name
Q10001,un/locode:nldev
Q10002,"enschede, netherlands"
Q1000823,Eğin
Q1000871,tuzluca
Q10014,"Kampen, Netherlands"
Q1002697,part publication
Q10027,Baarn
Q1003182,Guelsehir
Q10034,bunschoten-spakenburg
Q1003885,Pinarhisar
Q1003919,kelkit
Q1003953,kangal
Q1004462,isionda
Q1004480,Tufanbeyli
Q1004526,"sorgun, yozgat"
Q1004642,Doğanşehir
Q1004726,Bulut Basmaz
Q1007545,Galatasaray Lyceum
Q1009,art of cameroon
Q1010205,burak çalık
Q1010206,burak ozsarac
Q1010479,Sincik
Q1011270,Hendek
Q1011282,Hayrabolu
Q1011921,yildizeli
Q1011964,hyssos
Q1012824,History of Kadirli
Q1012828,"lice, turkey"
Q1012854,Sokia
Q1012887,"ereğli, zonguldak"
Q1012901,Burhaniye
Q1012915,sungurlu
Q1012921,develi
Q1012935,"salihli, turkey"
Q1013812,qingdao tiantai stadium
Q1014299,Hanak
Q1016271,Burhan Eser
Q1016283,Burhan Sargun
Q1016967,Bursa Atatuerk stadium
Q1017,Tacheny
Q101730,1998 Fifa World Cup
Q101751,world cup usa 94
Q101859,vfw wolfsburg
Q1019101,degerfors court district
Q101918,Apeldorn
Q101959,VfL Borussia Moenchengladbach
Q1019922,Poetuerge
Q1020646,"çankaya, ankara (district)"
Q1020675,Bülent Cevahir
Q1020683,Bülent Kocabey
Q1020698,buelent uygun
Q1021220,Kecioeren
Q1021711,seaside resort
Q1021818,Bay of Adramyttium
Q1022,stuttgard
Q1022230,Oguzeli
Q1022236,cılavuz
Q1022488,City of Brighton and Hove
Q1022855,Forum Horsens Stadion
Q1023133,susurluk
Q1023140,osmangazi
Q1023145,köylühisar
Q1023153,maidos
Q1023265,"Keban (District), Elazig"
Q1023301,Kamacha
Q1023322,Eğil
Q1023463,Charlottenburger FC Hertha 06
Q1024402,CSO 1919 Amnéville
Q1024463,cs concordia chiajna
Q1025959,Cairns Group
Q10260330,2014 fifa world cup group a
Q10260332,2014 FIFA World Cup Group B
Q102720,hertha bsc seasons
Q1027545,"digor, kars"
Q1027550,"selim (district), kars"
Q102805,Tufan Tosunoglu
Q1028392,Cambuur Stadion
Q1029159,30 agustos mahallesi
Q102920,Kinas (mascot)
Q10300,Rayo Vallecano de Madrid
Q1030570,Mustafa Saymak
Q10313,history of san sebastián
Q1031430,The Habsburg Netherlands
Q10315,Real Sociedad de Futbol
Q1031843,arat can
Q1031846,Can Bartu
Q1032105,Estadio Municipal de Aveiro
Q1033,south-west nigeria
Q1033045,k f c verbroedering geel
Q1033114,Caner Ağca
Q10333,Los Che
Q1033654,cansu yağ
Q1034,biel
Q10353082,Pontal (Rio de Janeiro)
Q10380495,attila sekerlioglu
Q10382469,musa büyük
Q10397035,gürol gündüz azer
Q10397103,Mehmet Yilmaz (defender)
Q10397140,mehmet budak
Q10397239,Mustafa Duruer
Q1040,"Karlsruhe, Germany"
Q10401,lindau (district)
Q1040373,stade jos nosbaum
Q10410,Neu-Ulm district
Q10418,donau-ries
Q10427256,tayfun turkmen
Q104285,oc country
Q10429658,hasan sonmez
Q104302,"chorzow, poland"
Q10432,wunsiedel im fichtelgebirge
Q10433603,Hasan Okan Gültang
Q10433617,mutlu topcu
Q10434601,i̇lker erbay
Q1043527,Multilateral Investment Guarantee Agency
Q10437559,3000 m steeplechase
Q10437767,ersin gureler
Q104400,hamar municipality
Q10442838,ömer közen
Q10445,Forchheim (district)
Q1045198,Permanent Court of Arbitration
Q1045401,Community of Latin American & Caribbean States
Q1045811,fc dordt
Q1046578,mübariz mansimov
Q10467,"fútbol club barcelona ""b"""
Q10472,Miltenberg (district)
Q104761,tsv bayer 04 leverkusen
Q104770,1. FC Koln
Q10485,landkreis deggendorf
Q10491,eichstaett (district)
Q1049757,Cookie Cutter Stadiums
Q1050224,estadio da beira-rio
Q1050268,Simurq PFC
Q1050331,F.C. Molenbeek Brussels Strombeek
Q10507034,Yunus Altun
Q10509,Elche/Elx
Q105092,Kingdom of the Iclingas
Q10511347,i̇brahim türkkan
Q1051164,Cotonsport F.C. Garoua
Q10512,"Elche Club de Fútbol, S.A.D."
Q10514257,caner çolak
Q10516825,kanalplan
Q10520658,Ulvi Güveneroğlu
Q105254,1. fußball- und sportverein mainz 05 e. v.
Q10527397,Husie IF
Q1052760,celal atik
Q10528,Traunstein district
Q10528123,gulcan koca
Q105313,Kingdom of the West Saxons
Q1053251,Cem Demir
Q1053252,Cem Can
Q1053263,cem sultan (footballer)
Q1053268,cem özdemir (footballer)
Q1053271,Cem Islamoglu
Q1053329,cemil tosun
Q1053340,Çemil Turan
Q1053395,Cenk Ahmet Alkılıç
Q1053402,cenk gönen
Q1053447,Sydney Football Stadium
Q1053450,rbc roosendaal
Q1053455,the stade de la beaujoire - louis fonteneau
Q10540509,Johanneshovs IP
Q10547,Lower Franconia
Q1055,The Free and Hanseatic City of Hamburg
Q10551,Central Franconia
Q10554,upper franconian
Q10557,swabia (administrative region)
Q10557542,ramazan çevik
Q10559,Niederbayern (region)
Q10562,Upper Bavaria
Q1056864,estádio municipal de leiria
Q1057087,Kielstadion
Q1057274,Estádio D. Afonso Henriques
Q1057881,Ceyhanspor
Q1057884,ceyhun yazar
Q105844,arminia bielefeld records and statistics
Q1058451,Thunderdome Stadium
Q1058494,estádio do bessa século xxi
Q105853,Phoenix Karlsruhe
Q105861,VFL Bochum
Q1058669,hadzhi dimitar stadium
Q1059924,2008 uefa european under-17 championship
Q1061082,Raški okrug
Q1061291,championnat national 2
Q1061627,Football Club Emmen
Q1062157,Estadio Olímpico Chateau Carreras
Q106394,s.c. freiburg
Q1065,United nations
Q1066984,financial centres
Q1067148,The Big Ketchup Bottle
Q1067235,GelreDome
Q1067308,estádio cidade de coimbra
Q106748,seyran ates
Q1067802,charter of paris for a new europe
Q10690,UN/LOCODE:GBCDF
Q1069175,Draeco/Fed
Q1069706,CRPD
Q1070150,Jan Breydelstadium
Q1070800,ali sami yen stadı
Q10712770,vapenvallen
Q107146,"alameda township, alameda county, ca"
Q1071706,internationaler gewerkschaftsbund
Q1071713,vsv (velsen)
Q1072265,estadio malvinas argentinas
Q107390,states by country
Q107401,sebastea (see)
Q107421,VfB Stuttgart II
Q1075106,state university system
Q1075978,rasim başak
Q1076448,turkish football league system
Q1076486,Sports facilities
Q1077459,Colombo plan
Q107818,fc energie cottbus ii
Q10799295,Trabzon İdmanocağı
Q1083,salernum
Q1084280,Süper Lig 2010-2011
Q10858410,1891 fa cup final
Q10858414,fa cup final 1898
Q10858415,1900 FA Cup Final
Q10873124,Chess player
Q1088676,2000 UEFA Super Cup
Q109010,"solna, stockholm"
Q1092220,cincinnati gardens
Q1093,Netherlands Limburg
Q1093258,ytü
Q10936,Werne
Q1093950,city hall (london)
Q1094207,pretoria metropolitan municipality
Q1094416,civar cetin
Q109499,kongsvinger
Q1095,Belgian Limburg
Q1095113,san jose earthquakes (1974-1988)
Q1095556,north american soccer league (1966-85)
Q10980,Full distance triathlon
Q110017,history of caxias do sul
Q1101,Nordbrabant
Q1104675,Kǎrdžali Province
Q1104711,cobo conference/exhibition center
Q110888,Kingdom of the East Seaxe
Q11093415,2013–14 Ekstraklasa
Q110989,neeroeteren
Q111047,Timo Cecen
Q1110567,hatayspor
Q1111374,kf pristina
Q1114411,egemen korkmaz
Q11151,FA Cup Finals
Q11152,football league cup
Q1115783,Oguzhan Berber
Q11173914,Vefa Stadium
Q1118,flemish brabant
Q11183744,Kirikhanspor
Q11194,Rajvosa
Q1120291,grand toulouse
Q112099,Borderless nation
Q1121760,Stade de la Route de Lorient
Q1121974,Enes Kubat
Q1122869,Mechatronik Arena
Q1123407,stadion jugoslovenske narodne armije
Q11244,car-bomb
Q1124841,locomotiv plovdiv
Q1125333,municipality of ohrid
Q1126104,Spanish ACB League
Q1127,liege province
Q11274716,Nedim Doğan
Q1127498,sanica boru elâzığspor
Q11280,Ennepe-Ruhr
Q1128228,Stade Francis Le Basser
Q1128401,Consultative group on international agricultural research
Q1128628,Stade des Costières
Q112868,Fırat Aydınus
Q11303,Supertall structure
Q1130849,Liverpool football club
Q1130961,Hamarkameratene
Q1131109,Maidenhead FC
Q1131121,Gjemselund Stadion
Q1131508,Derya Buyukuncu
Q113159,2. Bundesliga (women)
Q1131732,FR Yugoslavia national football team
Q1132,ahlen
Q1132011,lerkendal stadion
Q1132413,Soldiers Field
Q1132418,FC Martigues
Q113245,Murat Yakın
Q1133207,yildirim demiroren
Q1133481,stade de l'ill
Q113383,serkan çiftçi
Q1134115,san diego toros
Q1135276,Dr. Necmettin Şeyhoğlu Stadium
Q1136732,Spårvägens FF
Q1136764,cotton bowl (stadium)
Q1136967,hammarby talang ff
Q1137312,London (county)
Q1138348,coskun özari
Q1138684,friends arena
Q1138823,lyngby stadium
Q1138958,Tofiq Bahramov Republican Stadium
Q1139227,töölö football stadium
Q1139271,BC Dynamo Moscow
Q113985,Mehmet Eren Boyraz
Q1139863,gn bouw stadion
Q114,iso 3166-1:ke
Q1140282,north queensland a-league franchise
Q1140346,De Braak
Q1140546,de langeleegte
Q1140581,J.League Division 2
Q1140767,Degerfors IF
Q1141104,fc zwolle stadion
Q1141292,Toumba Stadium
Q1141371,colchester community stadium
Q1141692,Bank Asya 1.League
Q11419,空手
Q11420,yuko (judo)
Q1142326,Seine (departement)
Q11424,movie
Q1142808,uw-milwaukee panther arena
Q1144284,Allen County War Memorial Coliseum and Exposition Center
Q114487,serdar kurtuluş
Q1147395,ilçe
Q1147565,Stade du Pays de Charleroi
Q1148720,List of Dempo S.C. managers
Q1148974,forward (basketball)
Q1149034,top oss
Q1151281,Hami Mandirali
Q1152006,saziye ivegin-karsli
Q1152151,Özkan Yildirim
Q1153087,Interamerican development bank
Q1153560,DHC Delft
Q1154710,football venue (soccer)
Q1155409,State of Guanabara
Q1157920,dalian aerbin f.c.
Q1158138,damallsvenskan
Q116332,Gap Hautes Alpes FC
Q1165409,solid park arena
Q116601,nissan stadium (yokohama)
Q1166157,Toyota Center (Houston)
Q117,State of Ghana
Q1170018,Kartalspor
Q11736,tien tsin
Q11751880,Kübra Öztürk
Q11774589,shri shiv chhatrapati sports complex
Q1180262,Residenz
Q1187762,i̇stanbul maltepespor
Q1187811,College Town
Q1187832,deniz aslan
Q1187845,Deniz Kadah
Q1187858,Deniz Vural
Q1187869,atatürk stadyumu (denizli)
Q1188325,McDonald Jones Stadium
Q11886402,Wrestling at the 2016 Summer Olympics
Q118919,eyüp sk
Q1189339,3 Rivers Stadium
Q11894661,badminton at the 2016 summer olympics
Q118955,Stade Francis Turcan
Q1189715,Omiya Stadium
Q118995,mush of the armenians
Q1190634,otkrytiye arena
Q11911,Canton de Berne
Q1191549,autonomous province of the kingdom of denmark
Q1191998,al-emarat
Q1192574,Qingdao Yizhong
Q11929,canton de soleure
Q11935,"Locarno, Switzerland"
Q11938,Eindhoven Football Club
Q1194,slesvig-holsten
Q119415,2009-10 2. Fussball-Bundesliga
Q11943,Kanton Zürich
Q1194951,selección
Q1195287,2002 uefa intertoto cup
Q1196095,Nea Smyrni Stadium
Q1196603,estadio veléz sarsfield
Q1197,"Lower Saxony, Germany"
Q11972,canton of Argovia
Q11974,UN/LOCODE:ESLPA
Q1197790,toa league
Q11979,u.d. las palmas
Q1199,"hessen state, germany"
Q1200,p:rpal
Q1201545,the old red barn
Q1202716,"Nebraska System, University of"
Q1202764,germany women's national under-19 football team
Q1203196,Germany national under-16 football team
Q120705,DFF
Q1207912,jia league
Q1209,free city of bremen
Q12100,Fencing instructor
Q1210300,mkhare
Q1215884,National Football League
Q12172,bâle-ville
Q1218,al-quds al-sharif
Q12190906,Süper Lig 2013-14
Q12191,Namnetum
Q1221156,Flachenlander
Q122159,Dilaver Satılmıs
Q12225,Murcia
Q122346,Hakin Yakin
Q1223508,Achrida
Q12246,"huelva, huelva"
Q12249,Recreativo
Q1226018,Efecan Karaca
Q1226240,stefan cel mare stadium
Q1226507,F.C. Nieuwkerken-Sint-Niklaas
Q1227320,oğuz sarvan
Q122803,Theodosiopolis (Armenia)
Q1228622,Diocesis Orientis
Q1228908,mehmet incebacak
Q12292,Vilarreal
Q12297,villarreal cf
Q1230804,Murat Kayalı
Q1230845,Samet Bulbul
Q1231117,2016 Swedish Football Division 2
Q1231261,Division 3 (Swedish football)
Q1231504,canton of toulouse-7
Q1231799,diyarbakir ataturk stadyumu
Q1231804,diyarbakir bueyueksehir belediye diski spor
Q123209,Unione Latina
Q1232124,Mirac Kal
Q123230,Friedrich-Ludwig-Jahn-Stadion
Q1234712,havant
Q123480,double-landlocked
Q1234879,Turkish First Football League 1987-88
Q1235144,stadium schützenmatte
Q123705,Area of city
Q123736,yusuf kasal
Q123759,Organisation of American States
Q1238576,Domnarsvallen
Q1238755,Selcuk Yula
Q123934,Muğla province
Q124004,Mile End
Q1242664,Merthan Açıl
Q1244411,gokmen ozdenak
Q1246,Albanian occupied Serbia
Q1248863,i̇hsan poyraz
Q1249412,Galatia Salutaris
Q1251370,Stadion Oosterpark
Q1251405,Semavi Özgür
Q125222,Partille Municipality
Q1253472,Doxa Katokopias
Q1253508,gokhan emreciksin
Q12536,Abbassid Califs
Q1253603,Doğa Kaya
Q12538,Upper Garonne
Q12544,byzantine (eastern roman) empire
Q12548,15th century in Germany
Q125506,"iğdır i̇li province, turkey"
Q12560,Ottoman empire
Q1256619,"Jahnstadion, Rheda-Wiedenbruck"
Q12569,Loire (departement)
Q12574,Départment of Loiret
Q125761,The International Civil Aviation Organization
Q1258369,suat tuerker
Q12584,mayenne-et-loire
Q1258627,kivanc karakas
Q126301,al-salmiya sc
Q126334,r.c. strasbourg
Q1263511,serdar dursun
Q12652,Moselle (département)
Q12661,Nord (departements)
Q1267220,KDFF
Q1267525,dursun karatay
Q1268421,alper kalemci
Q126844,ruíz de lopera
Q126874,kütahya province
Q1270133,Denmark national under-16 football team
Q1270152,Denmark U-21
Q1270623,Department of the Meurthe
Q127063,ghars
Q12713,Thurgovie
Q12717,bas-rhin (departement)
Q12724,tessine
Q12724484,csr orhei
Q127372,Grand Stade Nice
Q127429,fußball arena münchen
Q12746,St. Gall (canton)
Q1275189,Uğur Demirok
Q12761,seine saint-denis
Q127623,Vantania
Q1276510,ewr-arena
Q1277056,Stadion Kantrida
Q12771,pays de vaud
Q1277549,France Espoirs
Q1277819,Mahmut Tekdemir
Q1277834,East End Park
Q127861,khedival rule of egypt
Q1279825,o ses türkiye
Q12808171,Turkish Super Cup 2010
Q12808351,akhisar şehir stadium
Q12808383,Bahçeşehir Okulları Stadium
Q12808733,balçova belediyespor
Q12809142,Dar alanda kısa paslaşmalar
Q12809926,hayri gür arena
Q12810050,"Ilica, Cesme"
Q12810162,Kadir Ozcan
Q12810164,Kadri Göktulga
Q12810528,Kütahyaspor
Q12810670,lutfu aksoy
Q12810711,Manavgatspor
Q12811159,Sezai Bacaksız
Q12811267,Osman Alyanak
Q12811793,Serbay Yagiz
Q12811805,serpil hamdi tüzün
Q12812342,Turkey beach soccer team
Q12812709,önder özen
Q12812764,Nazli Cagla Donertas
Q12813021,Izmir Demirspor
Q12813022,Izmir Football League
Q12813115,Urban areas of Sweden
Q128148,Vestel Manisaspor
Q12816,yonne (département)
Q12817455,Count of Nassau
Q12837728,bulgarian highest football division
Q12838157,cem felek
Q1284340,Suvalan
Q128446,Futebol Clube do Porto
Q128468,Wembley
Q1285241,taskin aksoy
Q12876741,Greek men's national under-16 and under-17 basketball team
Q12886,"anderlecht, belgium"
Q1289,history of grenoble
Q12892,Antwerpt
Q128978,Kilis Province
Q1290838,Murat Akyuez
Q12910,lokeren
Q1291159,Sinan Kurumus
Q1293260,Estadio Nacional do Chiazi
Q129387,Tekirdağ Province
Q1293904,umut sozen
Q1295,history of dortmund
Q1295765,efe özarslan
Q1295771,Efe Inanc
Q129588,Ediz Bahtiyaroglu
Q1296,Ghent
Q129649,İzmit
Q12973014,Sports team
Q129870,wirsol rhein-neckar arena
Q12994,"Brugge, Belgium"
Q12996,ostend
Q1300929,Metin Oktay
Q130150,Bloomfield Stadium
Q1301501,Erdal Çelik
Q130229,Georgia (SSR)
Q1304877,Metin Diyadin
Q130539,Karacabey
Q130553,Manisa Ili Province
Q1306551,ocean boys fc
Q1309,maestricht
Q1309841,landesliga westfalen
Q1310,Arnhem (city)
Q131075,Football World Cup 1954
Q13116,bénélux
Q131209,wiener amateure
Q131215,Sportklub Rapid Wien
Q131239,2000 European Football Championship
Q13124930,"soma, turkey"
Q131263,army barracks
Q13127,"Saint-Nicolas, East Flanders"
Q131293,Mardin province
Q1312957,Estadio da Tundavala
Q131337,azerbaijani socialist conciliar republic
Q1313472,Erdoğan Arıca
Q131364,Knicks
Q131384,malatya ili
Q131387,darôn
Q131436,"American board games, 1843–1935"
Q131499,"S.L. Benfica - Futebol, S.A.D."
Q131591,football world cup 1938
Q131597,Kırklareli Province
Q131603,TSV Munich
Q131610,olympic stadium (munich)
Q131612,"Wiener Neustadt, Austria"
Q131878,united nations institute for training and research
Q131964,Imperial Austria
Q13205,Stade de France
Q1320629,fc oss stadion
Q1321960,school of law
Q1322532,Tolga Unlu
Q1323520,ekrem ekşioğlu
Q1323642,Transcontinental nation
Q1323847,metin aktas
Q1324416,Turkish Premier Basketball League
Q1325035,elazığ atatürk stadium
Q132515,fifa world cup 1950
Q1325234,sarria stadium
Q132529,Football World Cup 1990
Q132533,Sweden 58
Q132551,un office of the high commissioner for refugees
Q13256507,Fatih Ozturk Trabzonspor
Q132572,Тираспол
Q132637,İçel province
Q1326381,sezer özmen
Q1326393,Rambergsvallen
Q1326446,Tynecastle Park
Q1326578,Balaidos
Q132664,1970 FIFA World Cup
Q1327235,couto pereira
Q1327633,The Palace at Auburn Hills
Q1328578,Turkish regions
Q132880,The Raptor
Q132885,l'om
Q13298,city of graz – historic centre and schloss eggenberg
Q1331152,OGP
Q133118,Balıklıgöl Statue
Q1331248,five colleges consortium
Q1331933,ellenfeld stadion
Q133201,squash (sports)
Q1333501,Yigitcan Erdogan
Q133442,City state
Q133566,Giuseppe Meazza Stadium
Q13362,pontelagoscuro
Q1338407,koray colgecen
Q13385,Real Spal
Q1339086,ludogorets razgrad
Q13394,Ligue 1 orange
Q1339518,emrah bassan
Q1339529,emrah eren
Q1339533,Emrah Tuncel
Q1339542,emre aktaş
Q1339548,Emre Aygun
Q1339555,emre balak
Q1339573,Emre Nefiz
Q1339574,emre kilinç
Q1339575,emre gurbuz
Q1339591,emre torun
Q1339593,Emre Turan
Q1339595,Emre Özkan
Q1339600,emre ozturk (footballer born 1986)
Q1339601,emre toraman
Q1339606,"emre ozturk (footballer, born 1992)"
Q1339619,Emrullah Salk
Q1339629,emre colak
Q1339664,wasserwirtschaftsverband
Q13397712,Borussia Mönchengladbach Amateure
Q1340350,Ender Konca
Q13406463,lists
Q134073,FC Magna Wiener Neustadt
Q13407931,Ahmet Yılmaz Çalık
Q134102,international organization of the francophonie
Q13410279,Russian Professional Basketball League
Q13410316,Ethem Sarısülük
Q1341629,Stade Auguste Bonal
Q13416768,iraklis
Q13418161,kalyon group
Q134187,kirsehir province
Q134202,England 66
Q13420226,Taylan Aydogan
Q1342342,Engin Bekdemir
Q134241,Feyenoord Rotterdam
Q1342484,amerikan robert lisesi
Q13426883,FC Viktoria Berlin
Q134287,Bishopric of Tarsus
Q134291,"mersin, turkey"
Q1343243,Tarık Langart Akdağ
Q1343366,Complexo da Sr. da Graca
Q1343408,Fevzi Tuncay
Q134346,engolisma
Q1343986,dunes stadium
Q134413,sinop province
Q1345035,FA Cup Final 1923
Q1345660,vilayet of angora
Q1345726,badminton at the 2012 summer olympics - women's singles
Q1346006,world sport governing bodies
Q134635,"history of saitama, saitama"
Q134703,"maraş, turkey"
Q1347229,royal football club de liege
Q1347349,pendik s.k.
Q1347836,osman arpacıoğlu
Q1347927,Tepecik Belediyespor
Q1348,Bumbai
Q1348155,Paulista Championship
Q1348172,eray ataseven
Q1348179,eray birnican
Q1348189,Veria FC
Q1348587,ercan yıldız
Q1348710,erdal akdarı
Q134902,Stoke On Trent
Q1349081,erdem sen
Q1349279,Erdinc Yavuz
Q13494021,2013–14 Cypriot First Division
Q1349418,"Yeşilyurt, Erdoğan"
Q1349995,Eren Aydin
Q1349998,eren tozlu
Q1350006,Eren Ozen
Q1350010,Eren Güngör
Q1350603,Ergin Keles
Q1350730,erhan altin
Q1350734,erhan kartal
Q13507703,Football at the 2013 Mediterranean Games
Q1351014,Bugsasspor
Q1351037,Turgutluspor
Q1351045,Nazillispor
Q1351072,Fethiye S.K.
Q1351085,tarsus i̇dman yurdu
Q1351694,USL division 1
Q135220,turkey national futsal team
Q13534332,Young PSV
Q1353591,rıdvan dilmen
Q13539238,Erdal Rakip
Q1354,city of mosques
Q1354966,Erkam Reşmen
Q1354977,Erkan Sekman
Q1354983,erkan taskiran
Q1355014,erkan zengin
Q13551313,tarik altuntas
Q1355401,metin erol
Q1356248,Erzincanspor
Q1356276,Yalovaspor
Q135672,essen town hall
Q13572006,deniz turuc
Q1357964,County town
Q13581008,Hafize Sahin
Q13582652,public works engineer
Q1359223,murat akin
Q1361264,erol togay
Q1361314,mehmet seyfettin sedef
Q13613646,Muratpaşa Belediyesi Spor Kulübü
Q1361963,Kazakhstan First Division
Q1361966,first league of football association of bosnia and herzegovina
Q1361974,First league of the republika srpska
Q136217,Upper armenia in the middle ages
Q1362211,itaipava arena pernambuco
Q1362236,Arena de Sao Paulo
Q1362415,ertan adatepe
Q1362422,Kazım Ersun Yanal
Q1362439,Özbir
Q13633679,ferhat kaya
Q136414,Universal Sports Hall CSKA Moscow
Q1364743,Gleizé
Q1365667,Jakup Jimmy Durmaz
Q1365827,jadestadion
Q1366075,Hitachi Kashiwa Stadium
Q1366105,Semih Kaya
Q1366106,level-5 stadium
Q1366156,ogun temizkanoglu
Q1366316,erzurumspor
Q1367507,FC Schaan
Q1367845,eskişehir atatürk stadyumu
Q1368064,malatyaspor
Q1368072,yeşildirek s.k.
Q136851,History of curling
Q1368791,hikmet balioğlu
Q1369009,Tolgahan Acar
Q1369282,José Maria Minella Stadium
Q1369461,sakaryaspor
Q1369558,winger (rugby league)
Q1370663,durival de brito
Q1370665,estadio cidade universitaria
Q1371037,Polytechnic College
Q1371178,ethem pülgir
Q1371330,ethnikos asteras
Q1371345,Ethnikos Piraeus F.C.
Q1372503,Vilayet of Damascus
Q1372529,FireFireTo
Q1372691,Eşref Apak
Q1372790,mustafa dagistanli
Q1372805,Suat Kaya
Q1372826,onur recep kivrak
Q1373065,Okay Yokuslu
Q1374456,eapr
Q1374804,Euroborg
Q1374883,Kerim Bulut
Q137499,fv homburg
Q1377612,European Payments Union
Q1378286,ali tandogan
Q1378299,Cakmak Yasin
Q1378770,Hakan Unsal
Q1378780,hakkı tolunay kafkas
Q1380273,Veysel Sari
Q138089,Syracuse Nationals
Q1381223,Melbourne Rectangular Stadium
Q138230,Kasımpaşa S.K.
Q138248,sint-truidense v.v.
Q1382648,evren özyiğit
Q138280,Philadelpheia
Q1383232,guerhan guersoy
Q1383556,yaser yildiz
Q1383571,saffet sancakli
Q1383598,nalbantoğlu
Q1384,p:ny
Q1384117,tolga seyhan
Q138484,bekir refet
Q1385152,turkey women's national under-19 football team
Q138554,icheon world cup stadium
Q13860876,Cedi Osman
Q1386860,FC Angoulême
Q1386892,fc blazers
Q1386893,Bangkok Glass F.C.
Q1386965,fc bülach
Q1387158,FC Geistingen
Q1387175,Histon F. C.
Q1387210,F.C. Jeunesse Canach
Q1387222,fc jokerit
Q1387261,fc kreuzlingen
Q1387417,fc neugersdorf
Q1387445,fc pasching
Q1387794,FC Unterfohring
Q1387887,fc wiltz 71
Q1388131,flaesheim-hillen
Q1388570,Ali Riza Sergen Yalcin
Q1388695,pfc svetkavitsa targovishte
Q1388875,serkan kurtulus
Q1388893,fc etar veliko tarnovo
Q1388923,hüseyin cimşir
Q1388954,mehmet özdilek
Q1389025,fk matador púchov
Q1389115,Pini Balili
Q1389938,fv ravensburg
Q1390540,Yusuf Erdogan
Q13918566,omar kavak
Q139319,russian republic
Q13933783,1924-25 istanbul football league
Q1394807,tayfur havutcu
Q1396846,Sinan Kaloglu
Q1397180,1991–92 Turkish First Football League
Q1397194,Faruk Bayar
Q1397195,faruk gül (footballer)
Q1397223,farum municipality
Q1397226,farum park
Q1397761,Canton of Phalsbourg
Q1398093,Fatih Avan
Q1398111,Fatih Karagumruk SK
Q1398115,Fatih Yilmaz
Q1398117,Fatih Yiğituşağı
Q1398118,fatih yigen
Q1398126,fatih şen
Q1398186,fatma kara
Q1398213,List of international cricket five-wicket hauls at Fatorda Stadium
Q139878,sportpark am lotter kreuz
Q1399176,stadionul tineretului (urziceni)
Q1401074,goksu turkdogan
Q1401328,mert günok
Q140157,zafer biryol
Q140159,zafer yelen
Q140160,Zafer Cevik
Q140168,Zafer Özgültekın
Q1401688,yasin kocatepe
Q14028172,1930–31 istanbul football league
Q140299,Oguzhan Aynaoglu
Q1404649,fenerbahçe i̇stanbul
Q1404659,Fenerbahçe women's volleyball
Q1406253,Ferhat Kiskanc
Q1406254,Ferhat Odabaşı
Q1406281,feride bakir
Q1406334,Feriköy SK
Q1408176,Willem II Stadion
Q1408407,canton of toulouse-8
Q14085739,Sailboat racer
Q1409422,Gokhan Gumussu
Q1410402,Stade Borne de l'Espoir
Q14118284,eintracht frankfurt u23
Q1411881,group of ten (economic)
Q1413320,1901 fa cup final
Q1414112,Filiz Koç
Q1414819,sportfreunde ricklingen
Q1415,indiania
Q14162204,1946–47 istanbul football league
Q1417164,ASK Olympiakos Volos F.C.
Q141720,eatc
Q1417287,panserraikos fc
Q1418755,kaya tarakcı
Q141882,BSG Wismut Aue
Q141931,vp dresden
Q141971,1. FC Union Berlin II
Q1419830,Yavuz Eraydin
Q142,iso 3166-1:fr
Q142005,F. C. Hansa Rostock
Q1420267,Yeni Rize Şehir Stadium
Q1420393,galatasaray medical park
Q1421208,Greek Football League
Q1422367,hakan arslan
Q1423118,Goztepe S.K.
Q1423718,k. a. s. eupen
Q1424081,erasmus/socrates partners of marmara university
Q1425428,monkchester
Q1426453,canton of toulouse-3
Q1427266,harun doğan
Q14274,"Aarau, Switzerland"
Q1429170,Alibaz
Q1430729,sarıçam district
Q1431996,quimper kerfeunteun football club
Q14321024,Meriç Banu Yenal
Q1436035,football league 2 (greece)
Q14377162,Scottish Professional Football League Premiership
Q1438792,stade le canonnier
Q1438894,turkish first football league 1976–77
Q1439300,ahmet oguz cetin
Q1439429,Fosshaugane Campus
Q1440146,kerem can akyuz
Q1440540,Onur Tuncer
Q1441174,hasan vural
Q144190,SC Levski Sofia
Q1442067,Ufuk Sarica
Q1442809,Frank Clair Stadium at Lansdowne Park
Q14437690,the hive stadium
Q14454131,tufan ozbozkurt
Q14454182,Burak Kardeş
Q14468463,cihat çelik
Q14470178,taha can velioglu
Q1448582,ismail budak
Q1449,gènova
Q145,royaume-uni
Q1450557,France national under-18 football team
Q1450568,France national under-17 football team
Q14510650,"Ulubey (district), Ordu"
Q1452368,kosovski okrug
Q14542497,muhittin basturk
Q1454575,kadir akbulut
Q1455,women's field hockey
Q14551682,Levin Mete Öztunali
Q14551982,TSG Ulm 1846
Q14553559,2013 supertaca candido de oliveira
Q1457850,tolga doğantez
Q145845,History of Doetinchem
Q14596539,semiha mutlu
Q1460053,giorgos zabaras
Q146165,Nordic council
Q1462047,Vilayets of the Ottoman Empire
Q14623225,"onur bulut (footballer, born 1994)"
Q146246,Frankish State
Q14624791,volkan okumak
Q14637461,Enes Unal
Q1463828,Iwuanyanwo Nationale Owerri
Q14641,emmen (netherlands)
Q146416,Bexly
Q14659729,Ozan Papaker
Q146720,iraq (mandate)
Q1467574,5 ocak stadium
Q146905,"Zangger Committee, ZC"
Q1470401,TFF Third League
Q14704450,municipal auditorium (kansas city)
Q147089,history of manisa
Q1471939,Onur Karakabak
Q1473386,paykan fc
Q1473521,1971-72 Turkish First Football League
Q1474239,K. F. C. Dessel Sport
Q147523,turkey at the 1928 summer olympics
Q147548,Zakataly
Q147630,"zārā, sivas, turkey"
Q1476473,landesliga niederrhein
Q1476857,skytteholms ip
Q1477177,Italy 34
Q147756,"khasavyurt, russia"
Q14776381,Vedat Bora
Q14776423,Ahmet Bahçıvan
Q14776693,hasan hüseyin acar
Q14776723,Burak Altiparmak
Q14778657,okan adil kurt
Q147909,kingdom of bulgaria
Q148,prc (china)
Q1480793,nuclear suppliers group
Q1482790,Canton of Saint-Etienne-Sud-Est-3
Q1482833,Canton of Saint-Etienne-Sud-Est-2
Q1482860,canton of saint-etienne-sud-est-1
Q1482938,canton of saint-etienne-sud-ouest-1
Q1482969,Canton of Saint-Étienne-Sud-Ouest-2
Q1483409,Stade Saint-Symphorien
Q1484463,g8+5
Q148499,march of brandenburg
Q14853,nürtingen
Q14859,Onolzbach
Q1486,buenos-aires
Q14863299,arzu karabulut
Q14870,History of Siegburg
Q1487904,cevad prekazi
Q1489399,Kemper Arena
Q14896,Diedenbergen
Q14900,"Haltern am See, Germany"
Q14901,wuerselen
Q14910,R-41 Schwäbisch Hall
Q1491215,Mustafa Reşit Akçay
Q14914703,articles for creation/vodafone arena
Q1491574,Theme of Thrace
Q1491709,"galatasaray, beyoğlu"
Q1492,the weather in barcelona
Q14930393,Ilker Sayan
Q14934804,Gabbie Stadium
Q1493501,Kadir Has Stadium
Q14935190,lakeside stadium
Q14950,reihen
Q1496662,gazi university
Q1496834,Geberit-Arena
Q149805,Iraqi Kingdom
Q1498622,sueleyman koc
Q1499558,gokhan gulec
Q1501893,SpVgg Wilhelmshaven 05
Q1502683,turkish first football league 1998–99
Q15028,the iso
Q1505486,kamil ocak stadı
Q1505544,2000–01 1.Lig
Q15056601,hakan cinemre
Q15057751,furkan soyalp
Q15057775,doğanay kılıç
Q15058975,sinan bakis
Q15060047,Payas Belediyespor 1975
Q15060070,Tuzlaspor
Q1506920,Turkish First Football League 1995–96
Q15076827,oguzhan kayar
Q1507977,Manisa 19 Mayis Stadium
Q1508861,serdar deliktaş
Q1509024,1994-95 1.Lig
Q150928,la colmena
Q150933,volkspark stadium
Q1509390,sheriff stadium
Q15094037,2013-14 Cypriot Cup
Q150961,AufSchalke Arena
Q150981,North German Federation
Q1509993,Stadio Adriatico
Q1510813,south melbourne soccer club
Q15120200,sweden national under-18 football team
Q15123187,Partiya Demokratik a Gelan
Q15126761,SV Pullach
Q1513366,Orhan Ovacıklı
Q151374,"olympic stadion, berlin"
Q15142,Amherst University
Q15156139,uğur yılmaz
Q1515689,"Tamer Tuna (footballer, born 1976)"
Q151624,german confederation
Q1516624,Košarkarsko društvo Slovan
Q151747,Düsseldorfer FK Fortuna 1911
Q1517984,Alkmaarderhout
Q15180,SU (country)
Q151816,Estadio Nuevo José Zorrilla
Q1518239,1977-78 Turkish First Football League
Q151831,Néau
Q1518594,1992-93 1.lig
Q1518636,19 eylul stadi
Q1518824,selim ay
Q151893,Kolner Stadion
Q151991,eso.org
Q1520,tselinograd
Q1520442,Jomo Cosmos
Q1521540,Salih Dursun
Q15224541,belgium national under-18 football team
Q15224689,kubilay aktaş
Q1522839,US military staff colleges
Q152299,nederlandse taalunie
Q15233655,Karatas Sahinbey Sport Hall
Q15234187,mustafa akçay
Q152349,Gottlieb-Daimler-Stadion
Q1524,Атина
Q15243385,macit ozcan sports complex
Q152491,herzliya
Q152599,easycredit-stadion
Q15260415,1. fc bruchsal
Q152633,niedersachsenstadion
Q1526515,muangthong united f.c.
Q152665,2. bundesliga (fussball)
Q1526679,giray bulak
Q1526701,giresun atatürk stadium
Q15274940,onur akdoğan
Q15280453,fuat buruk
Q15284,nagarasabha
Q1530,mama ayser center
Q15306277,atabey cicek
Q1530663,huseyin kartal
Q153080,east frankish
Q153128,is croatia
Q153136,Danube monarchy
Q15324,Body of water
Q153312,rfk memorial stadium
Q153535,alemannia aachen squad
Q153539,SpVgg Fürth
Q1535701,izmit ismetpasa stadium
Q1536304,Mehmet Kara
Q15363466,Tuğrul Erat
Q1536543,Tampines Rovers Football Club
Q1536956,Kecioerenguecue
Q1538,"poona, india"
Q1538014,1980–81 Turkish First Football League
Q1538047,1979-80 Turkish First Football League
Q1538375,1986-87 1.Lig
Q1538382,1983–84 1.lig
Q1538396,1972–73 1.Lig
Q1538406,turkish first football league 1975–76
Q1538412,1978-79 1.Lig
Q1538421,turkish first football league 1974-75
Q1538428,1981-82 1.lig
Q1538690,america's west arena
Q153943,Kingdom of Westphalia
Q153969,"lindau, lake constance"
Q1539875,Turkish First Football League 1990–91
Q1539882,1988–89 1.Lig
Q15402153,Metin Sevinc
Q154053,Eintracht Braunschweig
Q154069,3. Liga
Q154074,Stadion im Borussia-Park
Q1540765,Bunkeflo IF
Q15409451,i̇brahim sürgülü
Q15410709,Kemal Yıldırım
Q1541269,lovech (stadium)
Q15416,cour (tv production)
Q154195,queens of bavaria
Q1542713,minnesota thunder
Q1542735,belgium-luxembourg economic union
Q1542781,fc swift hesperange
Q154293,MSV Duisburg matches
Q1542978,canton of livry-gargan
Q154298,fritz-walter-stadion
Q15429864,ecevit kilic
Q1543,i rossoneri
Q1543487,Altay Alsancak Stadium
Q1543501,Giresunspor
Q154475,weser-stadion
Q1545818,Ali Artuner
Q154667,Georgian Kingdom
Q1546943,Alper Uludağ
Q154715,Mempelgard
Q1547289,Lutherstadt
Q15493338,gokhan karadeniz
Q155,Brzil
Q1550771,Vilayet of İzmir
Q1550964,Yasin Sülün
Q1550984,fadil vokrri stadium
Q155174,Estadio do Maracana
Q155186,sc motor jena
Q155218,Rot-Weiss Essen squad
Q155219,nigde province
Q155223,NBA teams
Q1553052,Nisibin
Q155351,LTU-Arena
Q155452,FV 1911 Neuendorf
Q1555252,VfL Herzlake
Q155526,Central Anatolian
Q155533,north anatolia
Q155542,doğu anadolu bölgesi
Q155552,"mediterranean region, turkey (geographical)"
Q155564,Aegean Region (geographical)
Q155583,Marmara Region
Q155603,Volkswagon Arena
Q155638,Southeastern Anatolia Region
Q155730,1.fc magdeburg
Q1557921,Maldives National Stadium
Q155915,kastamon
Q1559253,Gökhan Akkan
Q1559254,Gökhan Alsan
Q1559257,gokhan degirmenci
Q1559261,gokhan erdogan
Q1559266,gökhan kaba
Q1559269,gökhan süzen
Q1559272,gokhan yavaser
Q1559274,gökhan öztürk
Q1559352,union and progress party
Q155965,cypriot first division teams
Q1559987,"Göztepe, Istanbul"
Q1560098,Güleryüz
Q1560186,Günay Güvenc
Q1561244,ukrainian first league
Q15613741,bilal başaçikoğlu
Q15614622,leyla güngör
Q15616019,Gamze İskeçeli
Q1562026,Güray Vural
Q1562318,güven varol
Q1562324,Guvenc Kurtar
Q15632405,Muhammed Bayir
Q15636168,aus fb w-league mv
Q1563674,turgay golbasi
Q15642808,Pınar Yalçın
Q15646673,ibrahim halil keser
Q15649515,sydney fc w-league
Q15651896,erol erdal alkan
Q1565781,sv tasmania
Q15662715,seyhan gunduz
Q156630,ulrich haberland stadion
Q156638,Halil Altıntop
Q15665466,Levent Gulen
Q1568232,"tavros, greece"
Q15683469,Sinan Keskin
Q1568614,södertälje fotbollscenter
Q1568867,KV Turnhout
Q1569222,wagner & partners stadion
Q1569824,hasan hakan hacıbektaşoğlu
Q1569830,Hakan Kutlu
Q1569840,hakan söyler
Q1569846,hakan turan
Q157020,RW Oberhausen
Q157024,"tetovo, macedonia"
Q15708673,emre can coşkun
Q1570993,Tripartite Forum
Q157109,Pays-Bas Bourguignons
Q1571109,halil akbunar
Q1571121,halil zeybek
Q1571125,Halil Ibrahim Dincdag
Q15712763,seddar karaman
Q15712800,kerim avcı
Q15712806,Erman Bulucu
Q15715542,ahmet sahbaz
Q15715544,mehmet gurkan ozturk
Q1572458,haluk ulusoy
Q157246,manastır
Q15725860,emre uruç
Q1572672,lokomotiv stadium (sofia)
Q157273,fifa world cup stadium frankfurt
Q15735,oberliga bayern
Q157352,fsv frankfurt
Q157367,prince-elector of brandenburg
Q1573871,Mahmut Yilmaz
Q157463,FV Saarbruecken
Q157464,Bayer Uerdingen
Q1575161,Stadio Paolo Mazza
Q15755,fc augsburg
Q1575684,Vast&Goed Stadion
Q15781883,ahmet aras
Q157828,sv holstein kiel
Q15786,1. FC Nurnberg
Q15787808,berkan emir
Q15788761,birol parlak
Q15789,fußball-club bayern münchen
Q15790897,Canberk Dilaver
Q157915,"Garoua, Cameroon"
Q15799,Club Atlético River Plate Vóley Femenino
Q15804,Italian Football League Teams/Serie A
Q15808286,Erdal Pekdemir
Q15808321,Erhan Celenk
Q158095,Bezirk Charlottenburg-Wilmersdorf
Q158121,spielvereinigung unterhaching
Q15814426,hasan batuhan artarslan
Q15838511,emre simsek
Q15838887,ogulcan caglayan
Q15839429,Kenan Karisik
Q15843660,sv rödinghausen
Q1584904,siirtspor
Q1585149,Varbergs BoIS
Q1585196,Aksu Mardan Sports Complex
Q15852309,Ugur Dasdemir
Q15852795,vfr garching
Q15855969,çağlayan alpsatan
Q15856031,Ömer Kandemir
Q15856866,berkan afsarli
Q15857220,Deniz Siğa
Q15857490,Emre Taşdemir
Q15859822,Kızılcabölükspor
Q15864,Kingdom of the United Netherlands
Q15867372,Muğdat Çelik
Q1586921,moonee ponds west primary school
Q1587824,Harun Tekin (footballer)
Q15879323,muhammed ali doğan
Q1588087,hasan ayaroglu
Q1588094,Hasan Ali Kaldirim
Q1588116,Hasan Erbey
Q158985,el qahira el dawly stadium
Q1589958,mehmet akyuz
Q159,Оросын Холбооны Улс
Q15901932,Kenan Karaman
Q15907812,meizhou wuhua f.c.
Q15912478,kardeş payı
Q159181,Football at the 1972 Summer Olympics
Q1591836,haydar yılmaz
Q15920956,trabzon düzyurtspor
Q15925184,Emrah Kuş
Q15926885,2014 fifa world cup closing ceremony
Q159354,crew
Q15936437,Research university
Q1593861,tunavallen
Q15938614,Indian Professional Football League
Q1594264,Heidewaldstadion
Q159631,King of Wurttemberg
Q15972883,1. fc köln ii
Q159729,sa spurs
Q15975353,1973–74 cypriot third division
Q15975583,Fatih Kıran
Q15977,"Meppen, Germany"
Q15977874,Yusuf Ziya Öniş Stadium
Q15979745,Irfan Buz
Q159821,Olympic Games/Summer
Q159835,Batman City
Q159848,Estadi del FC Barcelona
Q159856,Duchy of brabant
Q15987302,legal professional
Q159884,"olympic stadium, rome"
Q159930,dynamo berlin ii
Q159936,Kickers Offenbach
Q159979,Dizygotic Twins
Q16,p:ca
Q160016,United Nations member states
Q16003,"fuerstenfeldbruck, germany"
Q16005896,omer tanyeri
Q16012049,Omer Boncuk
Q16014,dudelange
Q16018,Borghorst
Q1603268,Hilmi Mihci
Q160450,"samsun, turkey"
Q160506,saint-denis (seine-saint-denis)
Q160530,vfl osnabrueck
Q160532,tus paderborn-neuhaus
Q160544,Heraclion
Q16056350,2017–18 Indian Super League
Q16057255,2008 pfc cska moscow season
Q16069232,selman sevinç
Q1607137,Point Forward
Q16079,Nienburg/Weser
Q160813,1962 Fédération Internationale de Football Association World Cup
Q160826,Sweden national football team
Q16083,Deggendorf
Q16085,Altruppin
Q1609430,olcay turhan
Q16096,"vechta, germany"
Q16100,Affstätt
Q161034,sv wacker burghausen squad
Q161036,free state of prussia (1933-1947)
Q1610479,sancak kaplan
Q16105,bad nauheim
Q16107,Ottbergen
Q16116,Forchheim
Q161337,OrlandoMagicCoach
Q161345,Houston Rocket
Q16145548,kâmil altan
Q16148375,Hasret Altindere
Q16148566,suleyman aktas
Q1615342,sc dornach
Q161549,Coal and steel union
Q16155046,2012-13 turkish women's volleyball cup
Q161554,FC Karl-Marx-Stadt
Q16159429,ferhat ayaz
Q1616075,television corporations
Q1617758,ozan özkan
Q1618057,Hikmet Karaman
Q161885,United kingdom of Great Britain
Q16198599,cigdem belci
Q162007,1. CfR Pforzheim
Q16201447,nurhan cakmak
Q16207151,Ayse Diker
Q16209085,Beykoz 1908 S.K.D.
Q16209370,Lutfiye Ercimen
Q16210237,Sevgi Çınar
Q16210374,sevinc corlu
Q16210572,Nuray Deliktaş
Q16210606,Yeşim Demirel
Q16210625,Ekrem Boyali
Q16210635,elif deniz
Q16210888,jennifer burcu düner
Q16210954,eylul elgalp
Q16211751,Dilan Gökçek
Q16212684,sevilay imamoglu ocal
Q16212705,Helga Nadire İnan Ertürk
Q16213104,oğuzhan biçer
Q16213310,Hilal Tuba Tosun
Q16218710,Orel Oral
Q162220,1. FC Eschborn
Q16222085,ayşenur taşbakan
Q16222336,zeynep murat duran
Q16223342,hatice bahar özgüvenç
Q16223432,reyhan şeker
Q16223996,Ozlem Yasemin Taskin
Q162251,heidenheimer sb
Q16225717,didem karagenc
Q16225875,Ceren Nurlu
Q16225880,seval kirac
Q1622596,Veysel Aksu
Q16227431,fatma şahin (footballer)
Q16227926,didem taş
Q16228040,ebru topçu
Q16228401,Berna Yeniceri
Q16229973,Ezgi Caglar
Q16230026,Mert Can
Q162309,1. FC Lübars
Q162317,Lokomotiv Leipzig
Q16233110,sibel duman
Q16235321,burak demiregen
Q16236120,Emine Ecem Esen
Q162364,FC Pforzheim
Q16236804,Burak Can Kalender
Q16239720,Olmaz
Q16240,provincia di perugia
Q162408,Tatran Prešov
Q162436,1. FFC 08 Niederkirchen
Q162472,FC Dukla
Q1624749,Turkey U-21
Q1625241,mehmet sıddık istemi
Q162581,i̇smail konuk
Q162604,1. HNL
Q1628465,TKİ Tavşanlı Linyitspor
Q162989,ebersbach-neugersdorf
Q162990,Moondog - Cavaliers
Q1632362,Maccabi Herzliyya
Q16333,casale moferrato
Q1633347,Serdar Apaydin
Q16334,casale calcio
Q163424,1.SC Feucht
Q163521,First National Bank Stadium
Q163534,Austria national football team
Q1635847,division of melbourne
Q1635932,Palacio Vistalegre Madrid
Q1636001,Alibeykoeyspor
Q1636012,petrol ofisi s.k.
Q1636019,alanyaspor
Q163694,1. Wiener Neustadter SC
Q1637070,2012-13 cypriot first division
Q163740,Not for profit organization
Q163795,Valentianae
Q1639115,1968–69 Turkish First Football League
Q163995,The Emirates Stadium
Q164027,Bernabeu Stadium
Q1640452,Mardinspor
Q164079,Königreich Hannover
Q164134,usmnst
Q164177,phoenix suns gorilla
Q16442106,Ibrahim Serdar Aydin
Q1645341,Landesliga Württemberg
Q16465992,Sidespor
Q1647,"Rijeka, Croatia"
Q1649344,Ergin Ataman
Q1649384,Stadion Grbavica
Q1649637,oosterenkstadion
Q16509502,abdullah yılmaz
Q165141,swiss football team
Q1652459,husamettin tut
Q1652469,Huseyin Atalay
Q1652477,huseyin kala
Q1652479,Huseyin Kalpar
Q1652487,huseyin avni aker stadium
Q1652491,Huseyin Tok
Q1652495,huseyin yogurtcu
Q16525407,1. FC Kaiserslautern Amateure
Q16525419,1. FSV Mainz II
Q165271,"lens, france"
Q16533,Judge (United States)
Q16536906,Bayer 04 Leverkusen II
Q16543222,2014–15 ekstraklasa
Q16552,San deigo
Q165529,Memphis Grizzlies
Q16553,"San Jose, United States"
Q16555,"City of Houston, Texas"
Q16556,"Estrella, Phoenix, Arizona"
Q16559523,Eintracht Braunschweig II
Q16560,palaces
Q1656716,stadion essen
Q165944,gamla ullevi
Q165995,List of people from Malatya
Q16600574,2014–15 La Liga
Q16605647,stade rue de lenningen
Q166105,Sacramento Kings roster
Q16611580,New Izmir Stadium
Q166121,1974 Football World Cup
Q1661819,Rizvan Sahin
Q166196,poland soccer
Q16620991,ömer çubukçu
Q16621994,2015–16 La Liga
Q1663,spálathos
Q16632351,i̇brahim demir
Q16632625,tarsus arena
Q16632724,Ünye İlçe Stadium
Q16632727,siirt atatürk stadium
Q16632746,Isparta Atatürk Şehir Stadyumu
Q16637410,TSG 1899 Hoffenheim II
Q166496,étoile carouge fc
Q166546,efta and the european union
Q1666067,Sandiklispor
Q166624,ilham tanui ozbilen
Q1666759,Convention on the International Mobile Satellite Organization
Q1666862,International Rules football
Q1668203,Lommel Untied
Q166824,Afyonkarahisar
Q1668605,Kahramanmarasspor
Q166882,istanbul sapphire
Q1669847,Lommel S.K.
Q16707802,yücel uyar
Q1671027,stadion am schloss strünkende
Q1671606,nihat sahin
Q1671611,Hänsch-Arena
Q167219,ilqar qurbanov
Q16727338,bilgesu aydin
Q16727339,ebru aydin (footballer)
Q16727811,Atılay Canel
Q16727888,Cem Tosun
Q1672798,Republic of Ireland U-21
Q16728489,damla demirdön
Q16729491,Nur Mustafa Gülen
Q16735333,mevlude ozturk
Q1674041,Sakıb Aytaç
Q1674172,İbrahim Tusder
Q167418,Augsburg Arena
Q1674834,Istanbul Marathon
Q1675351,Ituano FC
Q167541,eredivise
Q1675996,de galgenwaard
Q1676156,Izmirspor
Q167729,Mehmet Sak
Q167807,Burgas Municipality
Q1679118,2012-13 Super Lig
Q168018,kuwaiti premier league
Q1680249,Västerås SK FK
Q168197,history of adıyaman
Q16820447,İskenderun Belediye Gençlik ve Spor
Q16822200,mehmet salim satiroglu
Q16835311,erzin belediyespor
Q16835319,reyhanlı belediyespor
Q16835809,dostluk spor
Q16838149,dallas city fc
Q16838201,fenerbahce s.k. academy
Q168397,romanian national team
Q16842542,kdz. ereğlispor
Q16844507,maltepe yalıspor
Q16849499,sapele township stadium
Q16850072,si̇lopi̇ cudi̇spor
Q16850169,Sitespor
Q16850383,Sohar Club
Q16850786,stadion im brotzinger tal
Q16852458,Trabzon Telekomspor
Q1685324,Osman Bozkurt
Q16858501,Turkey at the FIFA World Cup
Q16860061,sinan tekerci
Q168651,hesse kassel
Q168660,Portadown F. C.
Q16869,constantinopolis
Q168866,Eski-Shehr
Q168876,Palasport Mens Sana
Q16900511,st symeon
Q16902134,Yasam Goksu
Q16908483,muhammed akarslan
Q16908994,Yunus Emre Yalcin
Q16909049,Muhammet Akyildiz
Q16910563,Kemal Aydin
Q16914127,Hüseyin Tavur
Q16935008,Emine Gumus
Q16937968,Mert Hakan Yandaş
Q16941152,Ulkuspor
Q16952042,Milenyum Paten SK
Q16952065,Wacker Burghausen II
Q16954992,narmanspor
Q16957,DR Germany
Q16958457,turkish airlines open
Q1696213,sedat özden
Q169637,Milwaukee Bucks
Q169661,Fort Wayne Zollner Pistons
Q16967914,Pune ISL team
Q16971061,Asasspor 1972
Q16972546,2014-15 Segunda Division
Q16974096,Dörtyol Gençlerbirliği
Q1699597,Ali Hamdemir
Q1699998,kemal tokak
Q17,p:jp
Q17000884,marmara universitesi spor
Q17001728,2014-15 cypriot first division
Q170024,رأس الخيمة
Q170040,FC Iskra Kazan
Q170072,republic of the seven united provinces
Q170105,stuttgarter kickers seasons
Q170107,FC Rot Weiß Erfurt
Q17011625,Yonca Şentürk
Q170117,FC Ingolstadt
Q170125,rot-weiss ahlen ii
Q170134,waldhoff mannheim
Q170154,stadion dresden
Q170156,confederal
Q170157,wuppertaler sv borussia
Q170322,Tsing Tao
Q170377,bar b
Q170415,Zara
Q17042,oakland (california)
Q170424,world weather watch
Q1704450,josef cinar
Q17045538,berk tuna
Q170457,joselassar
Q17045723,ianis hagi
Q17045898,levent açıkgöz
Q17046219,okan kocuk
Q17046287,selim koray
Q17046975,Necdet Senturk
Q170481,Apec
Q17048388,Özgür Yılmaz (footballer)
Q17051044,mahalle
Q170532,titular archbishop of amasea
Q17059591,derince belediyespor (women)
Q170616,"chiba, chiba"
Q17064123,Mehmet Çolak
Q170649,JazzCoach
Q1707,history of kiel
Q17082596,Şeref Görkey
Q170967,denizli
Q171031,isparta
Q1711,History of Potsdam
Q17126197,1995–96 Cypriot Second Division
Q17126799,1994-95 cypriot second division
Q17128248,1993-94 Cypriot Second Division
Q1712924,nazan bulut
Q17130578,1992-93 Cypriot Second Division
Q171318,kinships
Q171401,futsol
Q17141143,1991-92 cypriot second division
Q17142659,1988-89 cypriot second division
Q171458,Stamford Bridge (stadium\
Q1715,"Hannover, Germany"
Q17151,Salonika
Q17152,Central Greek Macedonia
Q17156245,1990-91 Cypriot Second Division
Q17167,Res Publica Romana
Q1716782,mehmet cogum
Q1717999,yilmaz ozlem
Q1718,un/locode:dedus
Q17180585,Basak Ersoy
Q171810,Coracesium
Q17182942,ay-yildiz stadium
Q17182993,basaksehir fatih terim stadium
Q17183313,serhat çakmak
Q171866,middlesbrough dock
Q1719496,Kaan Kanak
Q17198637,Hanife Demiryol
Q1720,un/locode:demai
Q172014,Ghanaian national football team
Q1720957,Kadir Keleş
Q1721,wiesbaden
Q1721050,metin aslan
Q1721409,ljungskile
Q172190,Olympic stadium (London)
Q1722054,Canton of Toulouse-11
Q172247,Fussball Club Schaffhausen
Q172267,Budrum
Q1722875,kamber arslan
Q1723232,uğur kavuk
Q1724,County of Saarbruecken
Q1725366,Canton of Gleizé
Q172567,Besiktas Jk
Q1726,monaco of bavaria
Q1726230,Canton of Migennes
Q17264642,DS Arena
Q1726558,volkan arslan
Q1726997,rebii erkal
Q1727116,kerem şeras
Q1727628,1969–70 1.Lig
Q1727630,Canton of Toulouse-1
Q1727635,Canton of Toulouse-2
Q1727642,Canton of Toulouse-4
Q1727643,canton of toulouse-5
Q1727645,Canton of Toulouse-6
Q1727652,canton of toulouse-9
Q1728892,Karacasu
Q1729,"erfurt, germany"
Q172964,Goalkeeper
Q17296465,funda payan
Q172969,FC Ugolshchiki Stalino
Q173009,Red Star Beograd
Q17305766,hilal çetinkaya
Q17305995,kader hançar
Q17306017,gülbin hız
Q17306366,esra ozkan
Q1730906,kedah f.c.
Q1731,History of Dresden
Q17310225,Allianz Stadion
Q17329128,Mineiraco
Q1733,Salbke
Q173310,kirkuk (city)
Q1734,🏐
Q173474,"Veliko Tarnovo, Bulgaria"
Q1734764,pınar karşıyaka
Q1735,"Innsbruck, Austria"
Q173559,african renaissance stadium
Q17364602,Emircan Koşut
Q1737,bregenz
Q1737417,Kayacan Erdogan
Q1738446,Kemal Kücükbay
Q1738452,Kemal Okyay
Q17385626,hilal başkol
Q17385882,Ümit Yücel Eminoğlu
Q1738690,kenan ozer
Q17396881,Turgutlu
Q174,"São Paulo, SP"
Q17403154,ferhat akbaş
Q174045,Ozgur Cek
Q174060,mamuretuelaziz
Q1741,W
Q17418255,mehmet sığırcı
Q17418282,Mehmet Tas
Q17418336,baris yardimci
Q174193,The United Kingdom of Great Britain and Ireland
Q17424118,1972-73 cypriot third division
Q17431648,Osman Denizci
Q17432101,muhammed alperen uysal
Q17432155,ferhat yazgan
Q17432810,1968–69 cypriot second division
Q17433558,1986-87 cypriot second division
Q17433652,1987–88 cypriot second division
Q174341,Iskenderiye
Q17442744,2014–15 Cypriot Second Division
Q17460326,sefa i̇şci
Q17465651,ercan aydogmus
Q17465825,damla coban
Q17466116,buse güngör
Q17466592,Umran Ozev
Q174782,Praça
Q17479,Mengão
Q1748,"k-town, copenhagen"
Q17480799,ali yasar
Q17484,Estadio de La Romareda
Q17484164,Selim Gunduz
Q17486376,sports shooter
Q17489,Estádio Nilton Santos (Rio de Janeiro)
Q1748946,Köksal Yedek
Q1749051,erman kunter
Q17495,universal mail system
Q1749746,Cataguases
Q17499332,chu en-le
Q17507684,Syrian and Iraqi insurgency
Q17507999,afyonkarahisar stadi
Q17508044,akhisar stadium
Q17509027,emrah cebeci
Q17509645,beykoz arena
Q17512831,New Eskisehir Stadium
Q17512849,new gaziantep stadium
Q17512881,New Sakarya Stadium
Q17512892,new turgutlu stadium
Q17523870,Handan Kurğa
Q175289,Moses Mabhida Stadium
Q175309,Cameroonian National Football Team
Q1753193,raa la louvière
Q175323,adapazar
Q175335,mahmut hanefi erdoğdu
Q175339,trinity road stand
Q1754,STHLM
Q17540063,Emre Akbaba
Q175477,Seoul World Cup Stadium
Q1756477,league system
Q1757,Finnish capital
Q1757369,yozgatspor
Q17582158,1977-78 Cypriot Third Division
Q17582160,1978–79 Cypriot Third Division
Q17582906,1985-86 Cypriot Second Division
Q17590284,1984–85 Cypriot Second Division
Q17590288,1983-84 cypriot second division
Q17590736,Orhan Aktas
Q17598470,1975-76 cypriot third division
Q17598637,1976-77 Cypriot Third Division
Q17599068,1979-80 cypriot third division
Q17599176,1980–81 Cypriot Third Division
Q17599320,1981-82 cypriot third division
Q17599432,1982-83 cypriot third division
Q176074,poststadion
Q176086,"derik, turkey"
Q17612189,orkan cinar
Q17622872,Canton of Montbéliard
Q1763527,Constituent republic
Q176371,OPPV Moscow
Q176495,ständestaat
Q176569,emrecan
Q1767191,eminonu
Q176795,Karşıyaka S.K.
Q176815,World organization of parliaments
Q176850,Bahlinger SC II
Q176883,World championship football 2010
Q1769032,1963–64 Turkish Second Football League
Q1770357,recep tayyip erdoğan stadium
Q1770361,jong afc ajax
Q17708749,i̇rfan kahveci
Q17708928,numan emre bayraktaroğlu
Q177138,scottish league first division
Q177220,vocalist
Q1775820,kasımpaşa (district)
Q1776735,soederstadion
Q177773,World Intellectual Property Organization
Q177806,Cihan Kaptan
Q177880,yatağan district
Q1780359,Sundsvalls idrottspark
Q178084,il-khanid
Q1780954,TFF Second League/doc
Q1781239,turk telekom b.k.
Q178148,Fahri Tatan
Q1781513,position (team sports)
Q178168,mitrovicë
Q178180,orduspor
Q1782589,2011-12 cypriot first division
Q1783571,torku şekerspor
Q178385,sliven
Q178405,"Lárissa, Greece"
Q1784085,Kopparvallen
Q1784233,Koray Şanlı
Q1784234,Koray Icten
Q178545,Vedat İnceefe
Q178561,battle
Q1786020,olimp 21-vek stadion
Q1786335,1959–60 Turkish National League
Q1788015,kırıkkalespor
Q1788088,topklasse
Q178897,latin dynasty of constantinople
Q1789768,1960–61 Turkish National League
Q179164,Unitary State
Q1794,Frankfort-on-Main
Q1795846,Mehmet Uslu
Q1796908,Adem Guven
Q179693,stadion narodowy
Q1797516,Kırklarelispor
Q1797544,Pursaklarspor A.Ş.
Q179831,Préfecture
Q179833,sumqayit sahari
Q179876,kingdom of england/doc
Q17989029,Cistern of Aetius
Q179930,canakkale dardanelspor
Q180114,kurdish empire
Q18012228,Muhammed Mert
Q180126,hauwitzer
Q18018663,bayburt grup özel i̇darespor
Q18020584,Shooting at the 2016 Summer Olympics
Q18024471,MSV Duisburg II
Q1802469,yenal tuncer
Q18030084,çağlar şahin akbaba
Q180479,shakhtyor stadium
Q180563,euro 96
Q18057189,Saffet Kaya
Q1806227,binnaz uslu
Q18066902,Dzhemal Kyzylatesh
Q1807026,malmö ff dam
Q18071966,çine madranspor
Q180756,Scani
Q180775,Sint-Jans-Molenbeek
Q180800,azerbaijan fc
Q18080337,Çatalcaspor
Q1808209,Turkish First Football League 1963–64
Q180845,Bulgaria football team
Q18085174,niğde belediyespor
Q180924,abdurrahman dereli
Q1811026,netherlands national u-21 football team
Q181190,nogometna reprezentacija bosne i hercegovine
Q181216,Hadjuk Split
Q18122813,Tolcay Ciğerci
Q18122988,alekos iordanou
Q18125,machester
Q181254,empire of nicaea
Q18126330,azersun arena
Q18126388,Kodeljevo Hall
Q18126940,Minareli Çavuş Stadium
Q18127493,SSV Jahn Regensburg II
Q18128465,stuttgarter kickers amateure
Q18128783,ayfer topluoglu
Q18128888,Turkey at the UEFA European Football Championship
Q18128942,turkey women's national under-17 football team
Q1812901,Suat Usta
Q181379,osmaniye
Q181398,Minolta Loftus
Q181439,vodacom park
Q1814406,2014AthleticsWorldIndoorChampionships
Q181445,Port Elizabeth Stadium
Q18145129,Tirespor 1922
Q1814928,Çetinkaya Türk SK
Q18154984,New Detroit Arena
Q181574,nafta
Q18164861,Gazikentspor Women's Football Club
Q18165014,Ilkadim Belediyesi Yabancilar Pazari Spor
Q18165060,karsiyaka besem spor
Q18169139,Cansu Koksal
Q1817621,stade de roudourou
Q18176342,68 yeni aksarayspor
Q181930,nigerian national football team
Q18193712,track and field at the 2016 summer olympics
Q182000,United Nations Council on Trade and Development=
Q182009,rhaidestos
Q182018,lotte (kreis steinfurt)
Q182025,ak-serai
Q18204752,2014-15 Cypriot Cup
Q18204912,Semanur Akbas
Q18205224,kubra berber
Q18206979,Meryem Koc
Q182081,Emirates Airline Park
Q18210983,filiz i̇şikırık
Q18211256,Suat Okyar
Q182165,russian football premier league
Q1821769,levent devrim
Q18221012,Mahmut Akan
Q1824581,liga leumit
Q1824674,League cup
Q182500,Lusophone Culture Day
Q1826908,linkoepings fc
Q18273,hercegovačko-neretvanski kanton
Q1827507,lippeverband
Q18276,kanton sarajevo
Q182770,Euro 84
Q182798,london 2012 paralympics
Q182814,Antarctic sanctuary
Q182865,afghanistan war troop surge of 2009
Q182929,MSV Neuruppin
Q18293,Hednesford Town FC
Q182930,fc rostselmash-d rostov-on-don
Q182994,List of Portuguese Liga broadcasters
Q183,Germanz
Q183018,Bandy
Q18306,whitby town f.c./comments
Q183104,"feldkirch, vorarlberg"
Q183191,European Convention on Human Rights
Q18347235,Volkan Fındıklı
Q18348729,2015 Green Bay Packers football team
Q183651,Armenian Catholic Eparchy of Tokat
Q18386334,Pamukkale University Arena
Q183945,music production (music industry)
Q184046,Senitza
Q18411280,"Kilinc, David"
Q18411578,etimesgut belediyespor
Q184154,Laval france
Q184159,niort
Q1842638,Kırşehirspor
Q1843435,ttnet beykoz
Q184387,Norway football
Q1844,capital of liechtenstein
Q184539,Ordu
Q184579,"bolton, lancashire"
Q18473,zuchwil (solothurn)
Q18474,Halesowen Town Football Club
Q184775,Gippeswic
Q184795,CONMEBOL Libertadores de América
Q1848079,strandvallen
Q1848410,halis ozkahya
Q1848848,McDiarmid Park
Q18502,Unibond Premier Division
Q1850335,Regenboogstadion
Q18504,Vanarama Conference
Q185084,History of Siirt
Q18509,Cambridge United Football Club
Q185114,Търговище
Q185163,ogc nice
Q1851894,tata steel stadion
Q1852347,victorian state league
Q185249,yüksel sariyar
Q18528,1997-98 Woking F.C. season
Q18529568,Ayşe Önal (footballer)
Q1853596,vefa s k
Q18543,Major League Soccer rights
Q185441,List of European Union member states by area
Q1854412,Serhat Koksal
Q1855763,Ecco Stadion
Q185632,Leymosun
Q18571,isthmian league division one (south)
Q18571991,ertugrul ersoy
Q18573,southern premier league
Q185741,Prater Stadium
Q1858457,yekta kurtulus
Q185851,Lacrosse players
Q18589068,demet kılınç
Q18589307,Esra Solmaz
Q185982,EuroLeague
Q186080,the staples centre
Q186125,paramount theatre at madison square garden
Q18619229,medine erkan
Q18619263,Gizem Gonultas
Q18619336,eda karataş
Q18619480,Fatma Serdar
Q186222,Alpine skiing (sport)
Q186320,Grand-Duchy of Baden
Q18637167,gamze bezan
Q18638193,fatos yildirim
Q18639832,Turkey women's national under-21 football team
Q18643433,yeşilgiresun
Q186444,Nuclear non proliferation treaty
Q1865363,Yenimahalle
Q18661,Middlesbrough F.C.
Q18662,Bartley Blue
Q18665691,tuğba karataş
Q186662,Burlov Municipality
Q18667689,Selda Akgoz
Q18668446,gül kaplan
Q186690,liechtenstein national football team
Q18674620,pamuk gullu yilmaz
Q18675,littleton f.c.
Q186785,rosenborg trondheim
Q18684638,zelal baturay
Q1868561,Lokman Gör
Q1868622,PFC Lokomotiv Mezdra
Q18687895,Başak İçinözbebek
Q1870353,Shadowowl/Metin Tokat
Q18704184,karlsruher sc ii
Q187042,peter mokaba stadium
Q18708,Fulham Football Club/2001 Squad
Q187087,mbombela stadium
Q187091,Fussbal Club Wil
Q18711,aston villa
Q18712107,anadolu universitesi sport hall
Q18713118,dilek kocbay
Q18716,Newcastle United F.C.
Q187256,zeki ayvaz
Q187264,Zeki Korkmaz
Q187273,Zeki Riza Sporel
Q187280,zeki yavru
Q187285,zeki yıldırım
Q187304,Celtic Aberdeen 6th November 2010
Q18736,stoke city f.c
Q18739,sunderland a.f.c.
Q1874074,thai premier league
Q18747,West Ham United
Q18750,Wigan Athletic FC
Q187528,rsc anderlechtois
Q1875429,fc arsenal bila tserkva
Q18756,uefa european cup
Q1875713,malatya inonu stadi
Q187593,"elizabethville, congo"
Q18765,burak yilmaz
Q187684,Buondelmonti dynasty
Q1877646,Apeldoorn CSV
Q187895,"zonguldak, turkey"
Q188022,maride
Q188055,Siegecraft
Q18809273,Otogar (Istanbul Metro)
Q18816843,procurement g6
Q18820032,başak yerli
Q188277,list of cruzeiro e.c. chairmen
Q188363,sfry national football team
Q1884,North Duren
Q1884872,mahir savranlıoğlu
Q1884984,mahmut bezgin
Q1884988,Mahmut Boz
Q1885003,Mahmut Temur
Q188505,Constanta County
Q188509,Suburban United States
Q188553,Armée de Hollande
Q188656,FK Partizan
Q188822,Criticism of the Asian Development Bank
Q1888418,"Derekışla, Bala"
Q188894,Cotiæum
Q1889135,alçıtepe
Q1889183,"ilica, manavgat"
Q189062,nucler weapon state
Q1891,bologna (italy)
Q189134,Usak
Q1892066,Altıparmak
Q18920886,esma kevser aksan
Q1892131,Naci Erdem
Q18921322,Talat Alp Altunbey
Q18921384,erdinc balto
Q18921772,tolga geçim
Q18922682,okben ulubay
Q189290,Military officers
Q1893,Bologna F.C.
Q189328,Lovech
Q189337,royal bafokeng stadium
Q1894039,marconi fairfield
Q189571,euro 2016 schedule
Q189650,razgrad
Q189663,olympiako stadio
Q189671,basel fc
Q189692,genk
Q189697,History of Karabük
Q189701,Terrenganu
Q189847,trabzon karadeniz s.k.
Q189946,Independent European Program Group
Q190008,BCIE
Q190010,st. jakobspark
Q190021,history of townsville
Q1901835,Seat of government
Q190235,UN/LOCODE:DKHOR
Q1902661,marschweg-stadion
Q1904,Ontario Canada
Q190526,berner sport club young boys
Q190561,standard liege
Q19058235,Zübeyde Kaya
Q19058245,damla bozyel
Q1907114,commuter area
Q190781,Central Stadium (Kazan)
Q190916,CBKV
Q191051,wind-surfing
Q191075,baghdad governate
Q191077,History of The Kingdom of Yugoslavia
Q1911118,Çermik
Q191152,1951 Zentropa Cup
Q1911759,history of emirdağ
Q191264,az'67
Q191384,banque internationale pour la reconstruction et le développement
Q191406,Israel national football team
Q1914748,Arsinspor
Q191477,stillers
Q1914881,ilgın
Q1915508,history of bolvadin
Q191582,Council for Mutual Economic Assistance
Q191691,"1,500 m"
Q1917306,mehmet al
Q1917362,Mehmet Turkmehmet
Q191774,St James' Park (Newcastle)
Q191805,jung-bunzlau
Q1918069,osman kuersat duman
Q191843,RC Lens
Q1919098,melbourne city
Q1919367,Melisa Ertürk
Q1920516,"pazar, rize"
Q192177,union for the mediteranean
Q1922108,mert mutlu
Q1922131,merter yuce
Q192232,District of Jerusalem
Q1922399,aybastı
Q192247,EIB (bank)
Q192287,administrative divisions of russia
Q1924593,mestský štadión dunasjká streda
Q1924617,Mesut Bakkal
Q1924871,Süper Lig 2006–07
Q192501,City of Safranbolu
Q192508,Bergen-op-Zoom
Q1925629,metin aydın
Q1925639,metin depe
Q1925646,Metin Kurt
Q1925858,Solihull (district)
Q19259043,Alperen Babacan
Q192641,trabzonspor
Q19281792,Burak Camoğlu
Q19284686,hakan canbazoglu
Q1928668,Pankritio
Q192873,dundee hibernian f.c.
Q192875,kurdzhali
Q1928989,treaty on open skies
Q19293039,ahmet oguz
Q1929362,Fazlı Kocabaş
Q19294306,Merve Akıl
Q192974,Hakan Suekur
Q1930,Otawwa
Q1930187,Political journalists
Q19302431,muzeyyen dilek ozbiler
Q19311975,Yaşar Alparslan
Q19313886,muammer yıldırım
Q193141,eurobasket champion
Q193190,Gazimağusa
Q193268,Kirkuk Governorate
Q1933005,mikail albayrak
Q1933473,Sarıyer G.K.
Q193391,career diplomat
Q193431,Parc des princes
Q193445,armenian catholic eparchy of artvin
Q193592,Right-half
Q19365419,Halil Pehlivan
Q193714,history of palestine under the british mandate
Q193795,BadmintonAt2012SummerOlympics
Q194037,"seraing, belgium"
Q194052,Seria B
Q194146,Niğde
Q194180,Super League Malaysia
Q194284,gatt
Q19444,birmingham city squad
Q19446,blackburn rovers f.c.
Q194479,"Stade de Suisse, Wankdorf"
Q19449,Blackpool FC
Q19451,Bolton F.C.
Q19453,Brighton & Hove Albion FC
Q19462,charlton a.f.c.
Q194641,Iran's Premier Football League
Q1947455,vakfıkebir
Q1947487,sarigoel
Q1947496,Bulancak
Q1947533,Yeşilhisar
Q19481,Leicetser City F.C.
Q19483164,deniz hummet
Q1948420,orhaneli
Q1948486,"kulu, konya"
Q19490,Nottingham Forest F.C
Q19498,Sheffield Wednesday F C
Q19509,FC Rennes
Q1951,albertan
Q19510,English Football League Championship
Q19512,football club sochaux-montbeliard
Q19513,SO Montpelliérain
Q19513488,Mert Akyüz
Q19516,losc lille metropole
Q19518,téfécé
Q1951914,Muhammed Türkmen
Q1951919,Muhammet Özdin
Q19519732,Metin Türen
Q19520337,Amine Gülşe
Q19521,saint-étienne
Q1953531,murat ceylan
Q1953539,Murat Erdoğan
Q1953556,sözgelmez
Q1953977,musa nizam
Q1953982,Musa Sinan Yılmazer
Q19544030,Canton of Lille-1
Q19544032,Canton of Lille-2
Q19544033,canton of lille-3
Q19544035,canton of lille-4
Q19544036,Canton of Lille-5
Q1955508,Mustafa Akbas
Q1955517,Mustafa Asan
Q1955553,mustafa kayabasi
Q1955557,Mustafa Keçeli
Q1955560,mustafa parmak
Q1955570,mustafa tiryaki
Q19565,coca cola league one
Q1956680,ijsselmeervogels
Q19573,Bury FC
Q195765,Basler Sportclub Old Boys
Q19577299,Modafen FK
Q19577351,neslihan muratdağı
Q19577730,Birgül Sadıkoğlu
Q19578,Colchester United F.C.
Q19578113,Bahtiyar Topal
Q19578367,Nusret Yildirim
Q1958120,De Herdgang
Q1958177,Moslestadion
Q19585,royal sporting-club charleroi
Q19593,The tims
Q19594176,Melis Özçiğdem
Q19595,Leyton Orient F. C.
Q19597,rangers f. c.
Q195972,kingdom of kartli (1484–1762)
Q1960140,Midland Football Combination
Q19603,football club twente
Q19604,portsmouth football club
Q19607,Red and White Wizards
Q19610568,Asaf Beşpınar
Q19610875,Ugurcan Cakir
Q19610926,ramazan civelek
Q19611080,efekan coşar
Q19611724,i̇zmit stadium
Q19611725,alpay koçaklı
Q19611961,mert kula
Q19612279,savas polat
Q19612578,caglar soyuncu
Q19613202,Yusuf Mersin
Q19613570,Cengiz Ünder
Q19613780,Hakkı Alaç
Q19614818,Ece Turkoglu
Q196160,union sg
Q19626,Shrewsbury Town F. C.
Q19628,olympiakos sfp
Q19637,tranmere rovers fc
Q1964569,"nandi, kenya"
Q19647575,Sinan Buyuksakarya
Q19648,fenerbahce istanbul
Q19660,"bucharest, bucharest"
Q19665190,Sener Kurtulmus
Q1967856,fc turkiyemspor
Q1968647,2011-12 süper lig
Q1970138,oleksiy butovskyi vorskla stadium
Q197093,zeytinburnuspor
Q197095,"Zeytinburnu, İstanbul"
Q19710306,Taekwondo at the 2016 Summer Olympics
Q1973594,necati özçağlayan
Q1973803,Necla Akdoğan
Q1974006,nedim kaleçi
Q19760869,Canton of Lille-6
Q19771,Current G20 Countries
Q19785793,Derya Arhan
Q1980,Stade de Gerland
Q1981593,BG V AFG
Q198254,Umut Nayir
Q198255,yakup bugun
Q1984073,Nesat Gülünoğlu
Q1985766,miško mirkovic
Q19859439,nagihan avanaş
Q198681,2. Fußball-Bundesliga (women) 2007–08
Q1988767,great olympics
Q1988779,nv arena
Q1989888,Nihat Bekdik
Q19902345,lordship of hanau
Q19906304,2015-16 cypriot first division
Q199359,orlando citrus bowl (stadium)
Q19945248,"canton of saint-denis-1, seine-saint-denis"
Q19945249,"canton of saint-denis-2, seine-saint-denis"
Q199575,Karakose
Q19957725,selçuk ernak
Q19957975,Necla Gungor
Q19959369,Ufukcan Engin
Q19968629,esra guler
Q199712,Çanakkale
Q199723,balikesir
Q19975561,mehmet aksu
Q1998131,Nordic Battlegroup
Q20,🇳🇴
Q200036,"volos, greece"
Q200061,Стари камени мост
Q2000793,Kulbilge
Q2001305,television companies
Q2001732,Stade de l'Aube
Q200250,metro polis
Q200321,sportclub heerenveen
Q2003441,Yasin Karaca
Q20036688,Aybüke Arslan
Q20036736,Rabia Civan
Q200441,Medieval antioch
Q200464,Imperio Portugues
Q2004796,numan çürüksu
Q2005426,nurullah kaya
Q2005435,nurullah saglam
Q2005622,Green Gully SC
Q2006069,torul
Q2006400,"Abana, Kastamonu"
Q20064412,sibel nohut
Q20064416,emine demir
Q2007,Denendeh
Q20090457,Ozhan Civgin
Q200951,bishop of claudiopolis
Q201054,Intergovernmental Maritime Consultative Organization
Q201095,Kerasous
Q201101,Rizounta
Q2012589,targovishte district
Q201330,Association football goalkeeper
Q20135,duke of hesse
Q201360,grasshoppers-zürich
Q201567,IFK Gothenburg
Q201584,AEK Athens F.C.
Q201671,hovedserien
Q2017091,okan koc
Q2017096,Okan Salmaz
Q201722,Berrhoea
Q2017620,Oktay Delibalta
Q2018179,olaria (rio de janeiro)
Q201900,rüştü reçber
Q201969,Fussballclub Winterthur
Q201970,town of salop
Q2019770,olgay coskun
Q202093,Jambos
Q202116,Pullach im Isartal
Q202150,stade vélodrome
Q202188,Artahan
Q202243,All-time Allsvenskan table
Q202345,David Durmaz
Q202377,steinheim (westfalen)
Q202453,Novi pazar
Q202569,belözoğlu emre
Q202612,Turkish First Football League 1993-94
Q202686,Commonwealth Realm monarchies
Q202699,Swiss Super league
Q202762,estadio luís casanova
Q2028,San Michele Extra
Q2028870,Havant & Waterlooville F. C.
Q202954,vervî
Q2029901,organization for the harmonization of business law in africa
Q203000,saint johnstoun
Q2030372,Orhan Tasdelen
Q2030387,Orhangazispor
Q203040,Puerto de Santa Maria
Q2034360,Altıntaş
Q203573,bursaspor kulübü derneği
Q2035734,yusuf simsek
Q2036850,mustafa yücedağ
Q20372160,Pfizer Forum
Q2037568,volkan babacan
Q2037826,brazilian serie c
Q204133,2011 EuroBasket
Q2042133,Zaqatala City Stadium
Q204237,fc dinamo 1948 bucureşti
Q2043015,Ozan Tufan
Q2043031,Ozan Ipek
Q2043168,oğuz dağlaroğlu
Q2043178,oguzhan azgar
Q2043180,oguzhan bahadir
Q2043184,Oguzhan Biyik
Q2044,cuisine of florence
Q204484,Tivoli-Neu
Q204547,waregem
Q204632,gaelic football team of the millennium
Q2046382,aesepus river
Q20469821,uygar zeybek
Q20472283,Beşiktaş J.K. (women's football)
Q20472804,Furkan Yaman
Q20473920,Caner Koca
Q204752,2019-20 danish superliga
Q204881,malmö fotbollförening
Q204888,paok f.c. thessaloniki
Q204910,Governates of Egypt
Q2049524,panionios forthnet
Q2052,acf fiorentina
Q2053599,"turkish general elections, 2007"
Q2055274,"Mamak, Ankara"
Q2055556,1916-17 svenska serien
Q2055879,Faruk Yiğit
Q205617,recep yıldız
Q20568369,FSV Frankfurt II
Q205685,Sportsklubben Brann
Q205832,Corfu City
Q205942,yalova
Q2060272,Imoco Volley
Q206073,Ukrainian Top League
Q2060814,List of football clubs in Turkey
Q206116,Gebze
Q206135,wals-siezenheim stadium
Q206164,bellinzona district
Q206165,Ripaglia
Q2062071,1913 FA Cup Final
Q2062274,OC Charleroi
Q20631356,SC Freiburg Amateure
Q206343,Puntigamer Sturm Graz
Q206411,Azərbaycan Xalq Cümhuriyyəti
Q20645820,2015–16 cypriot cup
Q206585,Hapoel Tel Aviv Football Club
Q2066,essen-kray
Q206664,Onur Cenik
Q206692,f.c. zurich
Q2067371,Stade de la Liberation
Q206760,kerynia
Q206763,Indoor Bandy
Q206813,brazilian série a
Q206879,muşkara
Q206881,killiz
Q206885,Duzce
Q206891,kırıkkale
Q206900,"Corum, turkey"
Q206903,lozengrad
Q206931,clichy-sous-bois
Q206957,sıruz
Q206989,Target Shooting
Q207003,Ziya Dogan
Q207005,ziya erdal
Q207010,ziya sengul
Q207109,Amsterdam Arena
Q207118,Byzantine Syria
Q20717533,karabük university stadium
Q207208,London Borough of Bexley
Q20724393,2018-19 Belgian Third Amateur Division
Q2074,genoa cricket and football club s.p.a
Q20744379,Onur Capin
Q2074737,Municipios of Spain
Q2075008,Hüseyin Atici
Q207623,letzigrund
Q207626,Vicente Calderon Stadium
Q20771258,tugay uzan
Q2079,City of Leipzig
Q207998,"fethiye, mugla"
Q208005,History of Kırşehir
Q2080478,Al Emirate Club Stadium
Q2080735,kit-kat crescent
Q2081139,Hofstra Stadium
Q2081271,ceyhun yıldızoğlu
Q2081279,yasemin begüm dalgalar
Q208143,"wigan, greater manchester"
Q208152,lb tower hamlets
Q20819550,Ipek Özgan
Q208228,stade reims
Q2082288,Erdemirspor
Q208401,2010 world cup final
Q208403,goumoutzina
Q208472,Bingöl
Q208500,Princedoms
Q208511,Global Cities
Q2085193,emrullah güvenç
Q2085285,sanver goymen
Q2086324,Bozkir
Q208645,GHG national inventory
Q2086488,imarat stadium
Q208709,ibrox park
Q2089229,cities of alberta
Q20892728,mete celik
Q2090,fischbach unrra displaced persons camp
Q209080,Vietnamese National Football Champions League
Q2092547,sportpark eschen-mauren
Q20926367,sehit polis recep topaloglu sports hall
Q20927,Tai-Kou
Q209318,China Super League
Q2093331,jens vesting
Q20934,Metropolitan City of Incheon
Q2093517,skagerak arena
Q2094576,TEMSA
Q20949034,Egehan Arna
Q20949042,ercan bayrak
Q209509,norcap olympique
Q209523,Bohuslen
Q2096,un/locode:caedm
Q209619,bsk belgrade
Q20988316,New Batman Stadium
Q20988320,Belen Belediyespor
Q20988336,diyarbakır stadium
Q20988339,doğanlar stadium
Q20988352,Fomget Gençlik ve Spor
Q20988433,hatay dumlupinarspor
Q20988434,Hatay Sümerspor (women's football)
Q20988458,İstanbul Professional League 1
Q20988475,KozArena
Q20988524,tarsus stadium
Q20988526,Tavla Gençlikspor
Q20988560,Hakan Yavuz
Q209895,FC Sparta
Q209905,History of Akhisar
Q209908,marmorice bay
Q209925,Kanghari
Q209946,slovakian second division
Q209978,édessa
Q2099899,Hopaspor
Q209992,volkan demirel
Q21,p:england
Q2100,history of duisburg
Q210025,Nordsjaelland
Q2100902,Stadion an der Lohmühle
Q210292,Yuzgad
Q210296,Idrochori
Q2103,bochum
Q21033161,Abdulkadir Parmak
Q21044886,Furkan Aydogdu
Q210466,red bull-arena (leipzig)
Q2106616,potters bar town f.c.
Q2107,Wuppertal-Beyenburg
Q210768,tiras tiraspol
Q210778,beasal
Q2109121,Preussen-Stadion an der Malteserstraße
Q210985,Beaulieu train station
Q2110834,stade leburton
Q21115,Skopje statistical region
Q2112,UN/LOCODE:DEBFE
Q211236,celebrities
Q211260,Zaandam
Q211461,Bangladesh Premier League (football)
Q211572,Rau de la Louvière
Q211662,silverdome
Q21168,"Varberg, Sweden"
Q21175270,Talat Tuncel
Q211805,History of Bartın
Q21180911,Ceren Akkaya
Q211828,history of bayburt
Q21185700,sertan yegenoglu
Q211870,"paisley, united kingdom"
Q2119,"manheim, germany"
Q211906,BIF
Q211950,City Of Dunfermline
Q211952,"Kusadasi, Turkey"
Q2119751,askale
Q212,ucrania
Q21200474,cemal amet
Q212141,european monetary union
Q212269,US Valenciennes
Q212278,Kingdom of Holland
Q2124104,RCS Visétois
Q212413,Point guard (basketball)
Q212434,OlympicSports
Q212444,"saint-claude, jura"
Q2128426,Medical Park Trabzonspor
Q213,czech rep.
Q2130008,Ramazan Kurşunlu
Q2130011,ramazan kose
Q2130019,ramazan sal
Q2130090,Ispartaspor
Q21319,paramatta
Q2132300,MyCom Stadion
Q2134471,raşit çetiner
Q213508,Karaïskákis Stadium
Q2135156,Recep Aydın
Q2135169,recep niyaz
Q2135187,recep oztuerk
Q213551,west goetaland
Q2135912,freethiel stadion
Q213711,Hurling
Q213837,Green Bay Packers/sandbox
Q2138862,Reha Kapsal
Q2139208,new st. mirren park
Q214,Slovak republic
Q2140396,CSV Apeldoorn
Q2141552,Alpaslan Öztürk
Q214303,gomish khaneh
Q2143446,"Paal, Belgium"
Q214629,Stadio Olimpico di Torino
Q214651,history of bandırma
Q214670,Arcadiopolis in europa
Q214681,History of Panaji
Q2150573,Unterelsass
Q215112,South African War
Q2151308,Nybergsund-Trysil
Q2152404,menemen
Q215295,Stade de geneve
Q215302,Odds BK
Q2155470,asoa valence
Q215577,Eren Derdiyok
Q21573808,gokcan kaya
Q216022,belgian highest football division
Q216032,RC Genk
Q216037,"celtic park, glasgow"
Q216167,hypo-arena
Q21620962,serra çağan
Q21621722,Bahar Kol
Q21621936,esra manya
Q21622906,Selin Sivrikaya
Q21623058,büşra taşkın
Q216523,motherwell football club
Q2165655,Martyrs' Stadium
Q216687,History of Närke
Q216773,vaduz fc
Q216897,siverek
Q216907,gelibolu
Q216912,Muğla
Q217,moldowa
Q217016,Synot league
Q217097,Richard Kingson
Q217125,"İznik (District), Bursa"
Q217242,sud-katanga
Q2172530,elector of wuerttemberg
Q217258,2012 european athletics championships
Q217374,French Division 2
Q217398,Berne convention
Q217411,beyoğlu
Q2175909,romania national under-21 football team
Q2176882,Yüksekova
Q2177078,Allemaal Samen Verbroedering Geel
Q2179932,yomra
Q218,RO (country)
Q2180367,KTFF Süper Lig
Q2180471,Engin Gungor
Q218074,Neftchi PFK
Q2186582,2018-19 Cypriot Second Division
Q21872406,özlem araç
Q21872492,Efkan Eren
Q21872779,Fatma Özlem Tursun
Q21872856,Mürvet Yavuztürk
Q218789,FK Teteks
Q2188121,2017-18 Regionalliga Nordost table
Q218883,urawa reds
Q219,република българия
Q219060,Sport in the State of Palestine
Q219233,SBV Vitesse
Q219235,servette f.c.
Q21931783,yağızer uluğ
Q219462,stade océane
Q2195037,sahinbey
Q2195733,Haarlem Stadion
Q2195773,Mouscron péruwelz
Q219586,A-League(Soccer)
Q219592,Austrian First Division
Q219929,NK Zeljeznicar
Q219935,Zonguldakspor
Q219956,Zonguldak ili
Q22,scotland/suggestions
Q220,Roma (city)
Q22003375,Muhammet Besir
Q22004217,azize erdoğan
Q22007007,emre mor
Q2200744,sportpark de toekomst
Q220145,"mouscron, belgium"
Q22032202,grün-weiss brauweiler
Q2205537,SC Ritzing
Q2208304,sv schwetzingen
Q2208356,spvgg böblingen
Q220863,Otelul Galati
Q220875,finnish premier league
Q221,fyro macedonia
Q2211,malmoe
Q221122,atatuerk olimpiyat stadi
Q2211505,Saffet Gurur Yazar
Q22117622,Birgül Erken
Q22130,riazor stadium
Q221525,FC Metz B
Q2215841,Cycle race
Q22160,Phalsbourg
Q221602,AIK Stockholm
Q221635,Track cycling
Q2217066,samet gündüz
Q2217087,samet aybaba
Q2217136,şamil çinaz
Q2217353,mvela golden league
Q221752,f91 dudelange
Q221927,de graafschap
Q221940,KSC Lokeren OV
Q222,Albania
Q2220241,isperih municipality
Q222052,strech five
Q222157,olimpik baku
Q2222443,Sanlı Sarıalioğlu
Q2225636,bayram çetin
Q2227570,Dukedom of Wuerttemberg
Q222865,suekrue saracoglu stadyumu
Q2229730,şalpazarı
Q223170,Primera Division de Argentina
Q223262,FC Luzern
Q22342338,İsmail Ayaz
Q22342341,muhammed emin balcılar
Q22342440,Irfan Can Egribayat
Q22342445,erhan erentürk
Q22342560,Fırat Kaplan
Q22342693,Bahadir Ozturk
Q22342786,halil i̇brahim sönmez
Q22342854,Hakki Yildiz
Q22343576,Ozan Yilmaz
Q2236821,Rhone-et-Loire
Q223832,Commonwealth dominions
Q224,hirvatistan
Q2248599,resadiye
Q2248665,arsin
Q2248693,Karamuersel
Q2248704,cifteler
Q2248783,piraziz
Q2248873,Cayeli
Q225,босна и херцеговина
Q2250725,nigeria division 1
Q225375,"Verl, Germany"
Q2255212,sweden national under-19 football team
Q2255267,Sweden national under-21 football team
Q2257639,European LC Championships 1999
Q2262017,De Koel
Q2264245,"ağçay, sedat"
Q22667774,Stadionul Viitorul (Ovidiu)
Q22669,UEFA Euro 2012 match officials
Q22690,"Metz, France"
Q2269141,semih yuvakuran
Q227,azerbajani
Q22707,Hoffenheim
Q2272,"skien, norway"
Q2272244,Serdar Bayrak
Q2272267,Serdar Topraktepe
Q22730,hagenau
Q2273307,serhat akyüz
Q2273309,Serhat Güller
Q2273311,serhat gülpınar
Q2273758,serkan yalcin
Q2273765,serkan yanik
Q2273768,serkan ozsoy
Q2273811,Serol Demirhan
Q2274029,sertan vardar
Q2276014,sezgin coskun
Q2277,Imperial Roman
Q2277185,Israel national under-21 football team
Q2278800,Tofaş SK
Q2279529,"konak, izmir"
Q2279580,edmond machtens stadium
Q228630,zuiderpark stadion
Q22865,urban district of germany
Q22880,kurfurst von der pfalz
Q228811,lencoran
Q2288748,Sinan Gümüş
Q2289900,Gunduz Kilic
Q229,greek cyprus
Q2290144,Şanlıurfa Belediyespor
Q2291116,Wacker Innsbruck
Q22957418,Fatma Ay
Q22957648,burcu pirinçci
Q22957724,Derya Tınkaoğlu
Q22960,sandhausen
Q2296082,Stadion Miejski (Chorzów)
Q2296209,cihat arman
Q229688,migennes
Q2297724,Ankara Province
Q2298643,stadion stad rotterdam verzekeringen
Q2299298,stade des alpes
Q2299919,stade du hainaut
Q230,georgia(country)
Q2300150,Stadio Arechi
Q2300536,fc costuleni
Q23009701,premier league 2016-17
Q2301324,Soner Ornek
Q2303578,Taekwondo at the 2012 Summer Olympics - Women's 67 kg
Q2304738,ilie datcu
Q2304796,dr. fazil kuecuek stadi
Q2304817,Victory Sports Club
Q2304830,vb addu football club
Q230492,lsa student judiciary
Q2305609,chelmsford fc
Q23058914,muhammed çalhanoğlu
Q23063190,Yusuf Yazıcı
Q23063191,Dorukhan Tokoz
Q23063266,cengiz umut meraş
Q2308515,K. Patro Eisden Maasmechelen
Q2311567,Kingdom of Western Armenia
Q231168,zuyderzée
Q231200,Netball
Q2315484,Anadolu Üsküdar 1908 SK
Q232,qazaqstan respwblïkası
Q2325813,stade alphonse theis
Q2325843,stade camille lebon
Q2325923,stade rené-gaillard
Q2326058,donawitz stadium
Q2326094,na litavce
Q2326116,Stadion am Halberg
Q2326133,stadion an der kreuzeiche
Q2328394,Dogan Turk Birligi
Q2329749,"brasileira, piauí"
Q23306,Greater London region
Q233199,Belgian Second Division
Q2332308,Antalya Büyükşehir Belediyesi Spor Klübü
Q233611,Convention on the International Hydrographic Organization
Q2340133,Ferizli
Q23436,Eidyn
Q23442,Islands
Q2344927,sindirgi
Q2348880,Regionalliga Süd (1994–2012)
Q2348956,Orhun Ene
Q23497990,2016–17 La Liga
Q235114,greek superleague
Q2352878,darussafaka sk
Q235307,serbia and montenegro first league
Q2354629,Darurat
Q23556,hotlanta
Q2355838,Kocasinan
Q2356290,Spain national under-20 football team
Q2356332,José Antonio Delgado Villar
Q2358387,Turkish Women's Basketball League
Q23590999,Carioca Arena 3
Q2361609,fuat usta
Q2364778,Chaltu Girma Meshesha
Q2367989,istanbul bb
Q23681,Kuzey Kibris
Q237516,Martigues
Q23756432,2016–17 Cypriot First Division
Q23772159,özge özel
Q237753,divizia a bürger
Q2379292,Alen Makaryan
Q238113,slovak super liga
Q2381493,Sudstadion
Q2382744,kadir ari
Q2383278,china agricultural university gymnasium
Q2385123,tsv grunbach
Q2386334,K League (First Division)
Q2387441,Americano Futebol Clube
Q2387559,FC Tirol Innsbrueck
Q2388257,taha yalçıner
Q23884125,bahar güvenç
Q2389895,Talat Özkarslı
Q239,stad brussel
Q23920591,tolga görsev
Q2392344,taner gülleri
Q2392346,taner yıldız (footballer)
Q23925620,2019-20 belgian first division b
Q2392795,Tanju Ozturk
Q239447,Ulker Istanbul
Q239663,fc sarajevo
Q2397581,a2 ligi
Q2397796,Taylan Antalyali
Q2399758,cagri kodalak
Q2401092,Kemerspor 2003
Q2401592,hakkı uzun
Q2401727,Momchilgrad Obshtina
Q2402815,afc ajax (amateurs)
Q2403912,ziya songulen
Q24039902,olympic training center (rio de janeiro)
Q240444,fc akhmat grozny
Q2405216,Pelin Celik
Q240592,The Socialist Republic of Macedonia
Q24067920,2016-17 Cypriot Second Division
Q2407470,Tevfik Sırıı Gür Stadium
Q241022,Stockhorn Arena
Q2413840,Ankara Spor Salonu
Q2415901,Allied Occupation of Germany
Q241671,turkish first football league 1964-65
Q241748,Serb Kingdom
Q2418124,TEDA Football Stadium
Q241864,UEFA Euro 2008 seeding
Q242407,"Beringen, Belgium"
Q2424690,çavdarhisar
Q24249535,2016 turkish super cup
Q2426009,SV Spakenburg
Q2426819,büyükşehir belediye erzurumspor
Q242772,University of Bolton Stadium
Q2429321,Tweede Klasse
Q243235,Academica de Coimbra
Q24325,Ufuk Budak
Q24328195,2016–17 cypriot cup
Q2435324,compaq center (houston)
Q2436207,Tivoli (original)
Q243630,BRICS countries
Q2439273,tolga özgen
Q2441983,België Vierde klasse
Q244381,Mini-state
Q2444574,cambs glass stadium
Q24448,Swiss Liga 2 (football)
Q244592,estadio de san mames
Q2446294,Norway U-21
Q24474,Athlitikos Omilos Platania Chanion
Q245085,ewood
Q245160,georgian democratic republic
Q245252,Luxembourg National Division
Q2452987,kardzhali obshtina
Q2458678,TuS Bösinghoven
Q245960,pakkos shield
Q2459752,Tunay Açar
Q2460420,beerschot ac (women)
Q2460668,Turgut Dogan Sahin
Q24639,"Vancouver, British Columbia"
Q246461,Serhat Cetin
Q2466866,Ercument Olgundeniz
Q24680,velox sc
Q2468102,serdal guevenc
Q24689,FC VVV Venlo
Q24699,Rooms Katholieke Combinatie Waalwijk
Q24705984,Ahmet Çakı
Q24711,GVAV
Q24719,sv kerkrade
Q2473835,Ufuk Özbek
Q2473840,Ufukhan Bayraktar
Q247829,Omani Football Clubs
Q2478788,umut gündoğan
Q2479782,erol keskin
Q2479808,feridun bugeker
Q2479819,ali beratlıgil
Q2479832,Mehmet Dinçer
Q2479841,kaçmaz akgün
Q2480100,nedim gunar
Q248064,zulkuf ozer
Q24826,landmarks in liverpool
Q2483820,Yasir Elmaci
Q2484717,ali osman renklibay
Q2484731,Ali Dere
Q2484758,veli kizilkaya
Q2484937,yucel ildiz
Q2485126,Alpaslan Eratli
Q2485448,sporting body
Q24879,bremen landmarks
Q24885248,koç rams
Q2490335,fc chabab
Q24904,fc den haag
Q24912044,altınordu selçuk efes tesisleri
Q24912121,genclik stadium
Q24912819,dörtyol belediyespor
Q24912994,Serinevler Athletics Stadium
Q2493719,Darıca Gençlerbirliği
Q249428,grand duchy of berg
Q24976,tackle
Q249875,taskin calis
Q2499402,delice
Q25008,esenler bus terminal
Q25047842,Romania national under-16 football team
Q2505079,ugur akdemir
Q250519,Saglam Ertugrul
Q2505360,Ugur Boral
Q2507200,Prizren Municipality
Q250832,mattersburg
Q2511419,Staines Lagonda F.C.
Q2511604,washington whips
Q2512366,Veli Acar
Q2512838,ulkerspor
Q2513548,Istanbul Football League
Q251660,Wuerttemberg-Baden
Q2517952,Hasan Kılıç
Q252330,ice stadium krylatskoe
Q252481,Nouveau Stade de Bordeaux
Q252696,fir park
Q25270,history of pristina
Q25287,Goetheburg
Q25301483,badminton at the 2016 summer olympics – women's singles
Q2530261,Tekkekoy
Q2530816,Volkan Yilmaz
Q2530821,Volkan Kürşat Bekiroğlu
Q253414,fifa membership
Q25390,un/locode:nllwr
Q25409,kaschau
Q2541078,Araklispor
Q25412,Västra aros
Q25413,vimanshaell
Q25415,"joenkoeping, sweden"
Q25417348,volkan pala
Q2541925,waldstadion homburg
Q2541960,Yusuf Kurtulus
Q2541974,yusuf altuntaş
Q2542760,erman özgür
Q2542849,ali guzeldal
Q2546115,onur kaya
Q25476875,kireçburnu spor
Q25477731,mert iliman
Q254897,Ismaning
Q254903,gruenwalder stadion
Q2552609,Het Houten Stadion
Q255387,yanmar stadion
Q2553950,wedeler tsv
Q2554201,Boukar Alioum
Q2554544,wehrda
Q2555462,vedat okyar
Q2558816,oktay mahmuti
Q25607,saint-gallen
Q2565534,northern cyprus football federation
Q2567113,Senyil Mehmet Kutay
Q2569094,Sportklub Stadium
Q256961,Electoral Bavaria
Q25724,"Norrköping, Sweden"
Q25732,Orebro
Q257391,Federal Capital
Q25762,swiss 1. ligue promotion
Q2577499,"Yasin Avci (footballer, born 1983)"
Q258,Suid Africa
Q25804,trondhiem
Q258074,FA Cup Final 1914
Q258481,Puchov
Q259029,ljungskile s.k.
Q259179,Gokhan Zan
Q2597025,Galatasaray SK (Superleague Formula team)
Q2598007,mertol karatay
Q259827,Stades de Charmilles
Q259830,i̇zmir atatürk stadı
Q2598734,"yildirim, bursa"
Q2599700,Yasin Oztop
Q2600053,Samson Siasia Stadium
Q2600288,Ahmet Akçan
Q2600554,Yohannes Bahçecioğlu
Q26015749,Atakoy Olympic Pool Stadium
Q260200,sumgayit pfk
Q2607402,stadionul concordia
Q2608102,CSKA Moscow Stadium
Q2608226,Serkan Erdoğan
Q260835,Eurobasket 2001
Q2609,lazio ss
Q2609191,Karssport
Q2609683,razgrad municipality
Q2610799,Eczacibasi Zentiva
Q26119,Pryashiv
Q2612138,Baku National Stadium
Q2613052,enes saglik
Q26132176,gökhan kardes
Q2614328,uefa champions league 2013-14 final
Q2614345,edirne basket
Q261543,austrian state
Q261813,Wacker Tirol
Q2619059,ali gutda gokdemir
Q262,al jumhuriyah al jaza'iriyah ad dimuqratiyah ash shabiyah
Q262166,communes of germany
Q262203,fatih terim
Q26223,Oberliga Rheinland-Pfalz/Saar
Q262326,constant vanden stock stadium
Q26237147,berkay özcan
Q26251195,ali alanç
Q2625411,ted ankara kolejliler
Q262579,History of Karaman
Q262669,"burghausen, altoetting"
Q2628796,Estadio Carlos Tartiere (1926)
Q262882,Statutarstädte
Q262935,Mehmet Batdal
Q2630860,Transcaucasian Sejm
Q263115,strugglers f.c.
Q2631176,"costuleni, ungheni"
Q2631767,2012–13 3. Liga
Q2631783,Cizrespor
Q263320,SV Mattersburg
Q2634,Capital of Campania
Q2635688,1953-54 Cypriot First Division
Q263581,cetin zeybek
Q2636596,Balcova
Q263687,vfb homberg
Q2637917,1971-72 cypriot first division
Q2638370,Cypriot First Division 1969–70
Q2640056,cypriot first division 1946-47
Q2640440,cypriot first division 1947-48
Q2640450,1948-49 Cypriot First Division
Q2640460,cypriot first division 1951-52
Q2640468,cypriot first division 1944-45
Q2640475,1938-39 Cypriot First Division
Q2640495,cypriot first division 1945–46
Q264095,Kastamonuspor
Q2641,Foot-Ball Club Internazionale-Naples
Q264105,"bala, ankara"
Q264106,murat gürbüzerol
Q2641463,eray i̇şcan
Q2641474,Ugur Dagdelen
Q2641956,1954–55 Cypriot First Division
Q26421,history of dordrecht
Q26430,"Tilburg, Netherlands"
Q264469,UEFA Cup Winners' Cup 1983–84
Q2645475,Cihat Arslan
Q2646759,ali camdali
Q2646817,alican karadağ
Q26476,sundsvall
Q264899,unterhaching
Q264949,tolga ciğerci
Q26515,"Östersund, Sweden"
Q26518,Sodertalje
Q265199,osnatel-arena
Q26532,Abullah Avcı
Q265570,Jahn Regensburg
Q2656,transportation of palermo
Q2657881,adnan sezgin
Q2659939,metalurh stadium (donetsk)
Q26600,"fukuoka city, japan"
Q2661398,kayseri arena
Q2666367,Halkapynar Arena
Q26678538,Mert Örnek
Q266962,Wiener Sportclub
Q26704988,rahime atabay
Q26705197,Naciye Kara
Q26705319,Selin Hasbal
Q2670720,Karşiyaka
Q2670763,Duragan
Q2670770,goynucek
Q2670825,Duezkoey
Q26709729,taha demirtaş
Q2671132,Havza
Q267159,stadion schnabelholz
Q26720189,Can Aktav
Q2672826,buca
Q267360,dobling
Q2674,U.S. Citta di Palermo
Q2674010,Sarioglan
Q267408,unterföhring
Q2674097,Selçuklu
Q2677455,mersin bşb. s.k.
Q26775185,burçin erseçal
Q267791,Ried im Innkreis
Q26791679,Stadion Zwickau
Q26793,Demographics of Bergen
Q2679365,Lordship of Utrecht
Q2679711,tokat (electoral district)
Q268043,isparta province
Q2680952,government of rotterdam
Q2682368,futbol vic/sportsplatz rheinwiese
Q2682403,Alim Öztürk
Q2683,Parma (Italy)
Q26837670,Sude Mihri Çınar
Q26837875,utku yuvakuran
Q2683848,caner cavlan
Q268485,Sulingen
Q268776,St. Johnstone F.C.
Q268970,Deutschosterreich
Q2691005,Ahmet Kilic
Q26912314,Emirhan Aydoğan
Q269151,2017-18 pec zwolle (women) season
Q269218,Counties of Kenya
Q2693,Parma Foot Ball Club
Q26937,christianstadt
Q2696775,izak rober
Q2696781,necmi onarici
Q2696796,rıdvan bolatlı
Q2697320,1978–79 Cypriot First Division
Q2697412,1987-88 cypriot first division
Q2697584,1983-84 cypriot first division
Q2697589,1982–83 cypriot first division
Q2697596,Cypriot First Division 1981-82
Q269770,Daygirl
Q2697856,Cypriot First Division 1991–92
Q2697864,1984–85 cypriot first division
Q2697875,cypriot first division 1989–90
Q2697882,Cypriot First Division 1985-86
Q2697885,Cypriot First Division 1990-91
Q2697902,1986-87 cypriot first division
Q2697910,Cypriot First Division 1988-89
Q2697925,cypriot first division 1993–94
Q2697940,1992–93 cypriot first division
Q2698207,Cypriot First Division 2005–06
Q2698214,Cypriot First Division 2004–05
Q2698220,1999-00 Cypriot First Division
Q2698226,cypriot first division 1995–96
Q2698232,cypriot first division 1994–95
Q2698238,cypriot first division 2006-07
Q2698239,2002–03 cypriot first division
Q2698244,Cypriot First Division 1996-97
Q2698249,1998–99 cypriot first division
Q2698250,cypriot first division 2000-01
Q2698273,cypriot first division 2001-02
Q2698432,Betis Deportivo
Q2699223,Ferhat Gorgulu
Q26995331,Barıs Alıcı
Q2699566,estadi balear
Q270080,Democratic Republic of Congo national football team
Q270082,Gamze Bulut
Q2701714,France national under-19 football team
Q2701834,Stockholmsarenan
Q27020041,football season
Q270201,karin melis mey
Q270224,Alemitu Bekele (1977)
Q27036924,Yavuz Aygun
Q27036925,mehmet göktuğ bakırbaş
Q27037197,rahman çağıran
Q27037473,Kubilay Kanatsızkuş
Q2704,Castellammare Adriatico
Q270420,FC Litex Lovech
Q2704453,shimshon tel aviv fc
Q270474,stadio comunale (florence)
Q27050000,ismail atalan
Q2705112,cypriot first division 2008–09
Q2705118,1997-98 cypriot first division
Q2705172,marmaris belediye gsk
Q27055380,mesut ünal
Q2705560,Bülent Akın
Q2705983,1940-41 cypriot first division
Q2706,Bremerhavn
Q2706188,1937–38 Cypriot First Division
Q2706302,municipalities in bosnia and herzegovina
Q2706338,1934-35 Cypriot First Division
Q27063857,nazim sangare
Q2706388,cypriot first division 1935-36
Q270644,Haasdonk
Q2706541,1939–40 Cypriot First Division
Q2707718,1936–37 Cypriot First Division
Q2708281,Liechtenstein national under-21 football team
Q2708820,fatih sonkaya
Q2710,Pescara
Q271335,Åtvidaberg
Q271349,åtvidabergs f.f.
Q2713491,Spain national under-19 football team
Q271454,estadio dragao
Q271568,Marassi
Q27162,"gölcük, kocaeli"
Q2716259,Metropolitan municipalities in Turkey
Q271783,tournhout
Q27186771,osman çelik
Q27207845,bilge tahran
Q2720815,racing club ge
Q272243,Saint-Josse-ten-Noode ~ Sint-Josst-ten-Node
Q272623,çankırı belediye spor
Q272649,Çarşamba
Q272681,Tchataldja
Q272709,caycuma
Q272712,caykur rizespor
Q272727,Cagdas Atan
Q272734,cağlar birinci
Q272808,Cetin Gungor
Q272867,eumeneia
Q272947,Corum Province
Q27306,The Kingdom of Prussia
Q273120,Protesting
Q273199,off-guard
Q2735520,emir preldzic
Q2736,futebol
Q2736728,1975–76 cypriot first division
Q2736753,1973–74 Cypriot First Division
Q2736760,1972–73 Cypriot First Division
Q2736766,cypriot first division 1974–75
Q273874,buyid
Q2739,A.S. Rome
Q274141,Dolmabahce
Q2742,münster-häger
Q2742586,Grêmio Sportivo Juventus
Q274762,FC Vorskla Poltava
Q2749,augsberg
Q2749462,youth stadium
Q2750075,northern league cup
Q2751,saena
Q275189,macedonian first football league
Q2751977,koray altınay
Q2752555,ud fuerteventura
Q2753064,Cebeci İnönü Stadı
Q275429,ramón sánchez pizjuán
Q2755547,individual sports
Q2756084,Johanneshov
Q275626,AELarissa F.C.
Q2756405,indoor arena (athens)
Q2756434,galatasaray tv
Q2756875,aliağa petkim
Q275715,barcelona olympic stadium
Q2758,munchen-gladbach
Q276163,Son Moix Stadium
Q2762100,Nicosia del Norte
Q276354,monumental de nuñez
Q276445,J. League Division 1
Q2765,"Gelsenkirchen, Germany"
Q276550,2008 African Cup Of Nations
Q2766547,Bois-le-Duc
Q2768,FC Torino
Q27694,emre can
Q2773,history of braunschweig
Q277568,tolga zengin
Q277944,Mehmet Nas
Q277945,carling premiership
Q277965,Modling
Q278065,sedat bayrak
Q27866,1991-92 Cypriot Cup
Q27870,cypriot cup 1989–90
Q27896,2006-07 Fussball-Bundesliga
Q2790,videm
Q2790675,razgrad province
Q27921,2000–01 cypriot cup
Q27922,1939-40 cypriot cup
Q27924,1947-48 cypriot cup
Q279436,Omer Toprak
Q2795,Karl-Marx-Stadt
Q2798,S. Udinese G.S.
Q28,Magyar Köztársaság
Q280002,HEBA A2
Q28005,1981–82 Cypriot Cup
Q28009,2004-05 Cypriot Cup
Q28012,1990-91 Cypriot Cup
Q28015,2002-03 Cypriot Cup
Q28016,1945–46 Cypriot Cup
Q28018,1997–98 Cypriot Cup
Q28019,1952-53 cypriot cup
Q28021,1949–50 Cypriot Cup
Q28024,1999-00 Cypriot Cup
Q28026098,2016 kayseri bombing
Q28032,1992-93 cypriot cup
Q28033,2001–02 Cypriot Cup
Q28035,2003-04 Cypriot Cup
Q28036,1944–45 Cypriot Cup
Q28039,1986–87 Cypriot Cup
Q2805,krefeld
Q2805565,2012–13 cypriot cup
Q28062036,"Turkish referendum, 2017"
Q280658,Centre Forward
Q2807,madrid city
Q280878,Xanthi FC Arena
Q28089,egypt national football team kits
Q28090,1974–75 Cypriot Cup
Q28097,1970–71 Cypriot Cup
Q2810222,Sener Ozbayrakli
Q28109,1969-70 Cypriot Cup
Q281206,Province of Osmaniye
Q28127,1971–72 Cypriot Cup
Q28133,1972–73 Cypriot Cup
Q281384,erdem özgenç
Q2814,halle on the saale
Q28145,1979-80 cypriot cup
Q281521,Sambadrome Arena
Q2819143,A.E.K.
Q282428,Sulṭanat Misr al-Mamālīk
Q282475,kingdom of kartli and kakheti
Q28260,Nebraska Lincoln
Q282654,Ineboli
Q28271,"Downtown Annapolis, Maryland"
Q28275,Cypriot Cup 2006–07
Q283012,Hasan Ali Durtuluk
Q283087,Canton of Saint-Étienne-Nord-Est-1
Q283089,turkish league 2007-08
Q28311707,bout-du-monde sports center
Q283142,Selim Aydemir
Q2833,history of freiburg im breisgau
Q283627,Bavarian Eastern March
Q283629,2009–10 Ziraat Turkish Cup
Q2836400,Summit of South American-Arab Countries
Q283737,Ersan Gueluem
Q2838,history of oberhausen
Q283832,Rosengård
Q2839120,almir gegic
Q284155,uğur demirkol
Q2843,The Hanseatic City of Lübeck
Q284335,Dhivehi Leegue
Q284359,Nihat Kahveci
Q2846277,Andre Kona N'Gole
Q28500,Stadio Della Favorita
Q28513,Austro - Hungary
Q285264,cypriot first division 2009–10
Q285473,s.league
Q2856376,duzcespor
Q2856378,yasin celik
Q285685,ramazan ozcan
Q285722,Gaziantepspor
Q2861,UN/LOCODE:DERSK
Q28640,professions
Q28645,2008–09 Cypriot Cup
Q28647,1994–95 cypriot cup
Q2865,kassel
Q286504,Zamalek SC
Q28666,1953-54 Cypriot Cup
Q2866702,asli kalac
Q28668,1934-35 cypriot cup
Q28670,1980–81 Cypriot Cup
Q28672,1938–39 cypriot cup
Q28674,1948-49 Cypriot Cup
Q28678,1993-94 Cypriot Cup
Q28680,1987-88 cypriot cup
Q28682,1946–47 Cypriot Cup
Q28684,2005-06 Cypriot Cup
Q28686,1988–89 Cypriot Cup
Q2868795,ataşehir belediyespor
Q286977,Province of Schleswig-Holstein
Q2871,Hengstey
Q287359,estádio josé de alvalade
Q28739,1937-38 cypriot cup
Q28741,1935–36 cypriot cup
Q28743,1996–97 cypriot cup
Q28744,1950–51 Cypriot Cup
Q28748,1995-96 cypriot cup
Q2874886,Ayetullah Bey
Q2874913,"abdelaziz, ayman"
Q28750,1936-37 Cypriot Cup
Q288,caesarodunum
Q2880,waldbühne hamm-heessen
Q28811,cypriot cup 2011-12
Q28826,Cypriot Cup 2009–10
Q28829,2010–11 Cypriot Cup
Q28857,1998–99 cypriot cup
Q288937,AC Allianssi
Q28902,1968-69 Cypriot Cup
Q28906,1982-83 cypriot cup
Q289112,AC Bellinzona
Q289143,"Bor (District), Nigde"
Q28916,1966-67 Cypriot Cup
Q289248,nur tatar
Q28927,1954-55 Cypriot Cup
Q289286,AC Horsens
Q28945,1978–79 Cypriot Cup
Q28948,1977-78 Cypriot Cup
Q28967831,hasan özkan
Q28985,cypriot cup 2007–08
Q2899,history of mülheim
Q29,espanya
Q2900529,Bezirk Lothringen
Q290206,abdil ceylan
Q290234,Stadion der Freundschaft (Cottbus)
Q2904,wanne-eickel
Q290634,gerede
Q2907177,herzliya stadium
Q2910,Oggersheim
Q29108,fc zenit st. petersburg
Q291088,bendel united
Q29112,MKS Moscow
Q2911660,Botaş SK
Q291297,Kayseri Erciyesspor
Q2915311,jewish state
Q291590,dsb stadion
Q2916,"Osnabrück, Germany"
Q2916209,"county hall, london"
Q29169066,2015–16 Turkish Women's First Football League
Q2918693,tasos markos stadium
Q291937,f.c. tubize
Q292010,afg-arena
Q2920400,umut guzelses
Q2921300,Cengelkoy
Q29252,1967-68 cypriot cup
Q292618,AGOVV Apeldoorn
Q29274,greek a1 basketball league
Q2927417,Bucaspor Ladies Football Team
Q29343007,2017–18 süper lig
Q2936,oldenburg
Q2938,Leverkusen
Q293927,ödemiş
Q2942,Ohligs
Q294278,georgetown agreement
Q2945089,Centre d'entraînement Robert Louis-Dreyfus
Q2947435,Murat Onur
Q2947963,aziz eraltay
Q2954732,2013 european u23 championships in athletics
Q295875,a.n.z.u.s. treaty
Q296046,A.O. Kerkyra
Q2962119,Fosie
Q2966,Heidelberg romantics
Q2971,marienloh
Q2973,arheiligen
Q297441,omer ali sahiner
Q297449,ömer aysan barış
Q297458,omer can sokullu
Q297461,Omer Bayram
Q297471,omer erdogan
Q297478,Ömer Kahveci
Q297485,Ömer Kaner
Q297487,Ömer Kulga
Q297499,Omer Kerim Ali Riza
Q297526,ömer çatkıç
Q297533,Oemer Sismanoglu
Q297604,Önder Turaci
Q297605,Onder Cengel
Q297718,Örebro Municipality
Q2978,castra regina
Q297822,sk schwadorf
Q297858,fc superfund
Q2983893,Quarter (urban subdivision)
Q298448,gokhan inler
Q298573,at&t center
Q2986228,Play-by-Play
Q2986461,Kazhimukan Munaitpasov Stadium (Astana)
Q2986914,communauté d'agglomération de saint-étienne métropole
Q298981,hedo türkoğlu
Q29937708,2017–18 Cypriot First Division
Q2999,un/locode:dewue
Q29999,Reino Hulandes
Q30,united stated
Q3000298,Turkish Federation Cup
Q3004,Ingolstadt
Q30064375,2017-18 cypriot second division
Q3012,UN/LOCODE:DEULM
Q3012162,willows sports complex
Q3012914,damla çakıroğlu
Q301332,Kardemir Karabukspor
Q3014,history of wolfsburg
Q301726,ks ruch chorzów
Q30224997,osman özdeveci
Q302263,menemen belediyespor
Q30247945,Serkan Bakan
Q302653,Suleyman Olgun
Q302954,austria national under-18 football team
Q302977,austria national under-19 football team
Q303033,Austria national under-21 football team
Q303121,yeni malatyaspor
Q3033290,"Bilgili, Serdar"
Q303387,Beroe Stadium
Q3042,"offenbach, hesse"
Q3046,eutingen an der enz
Q3046936,ecem alıcı
Q3049707,Misr Lel Makasa
Q3050,Recklinghausen railway station
Q3055997,meram
Q30635189,2010-11 turkish women's first football league
Q30640739,2008-09 turkish women's first football league
Q3067213,Fatih Atık
Q306797,ÖFK
Q3068,loire inférieure
Q3070123,Mushin Ertugal
Q3071735,Fikret Arıcan
Q3075,"Fürth, Germany"
Q307745,Özcan Melkemichel
Q307761,ozden onguen
Q307775,özdere
Q307793,Özer Umdu
Q307795,ozge bayarak
Q307802,Özer Hurmacı
Q307825,ozgur bayer
Q307841,Ozgür Kart
Q307856,Özgür Özkaya
Q307863,özgür öçal
Q307865,özgür i̇leri
Q307872,ozguercan ozcan
Q307895,özkan koctürk
Q307899,ozkan karabulut
Q307905,özkan sümer
Q307916,özlem başyurt
Q307954,Öztürk Karataş
Q3079744,Fostiras F.C.
Q30805,al qahirah governorate
Q308162,abdi ipekçi arena
Q3085,un/locode:dereu
Q308879,Small forward (basketball)
Q309025,zhsk sofia
Q3090490,fuat hüsnü kayacan
Q309195,bis bank
Q309400,US Boulonnaise
Q309456,lausanne sport
Q31,belgie
Q310199,Tuncay Şanlı
Q3104,"Coblenz, Germany"
Q310608,S.C. Fortuna Koln
Q310621,Wehen Wiesbaden II
Q3106621,ipayone center
Q31074,al sharqia governorate
Q3111510,National Educators Association
Q311458,schwarzwald-stadion
Q3117,history of bergisch gladbach
Q3120,departement du jura
Q3121017,otelul stadium
Q312494,uemit davala
Q3128061,Hasan Kamil Sporel
Q3130,sydney metropolitan area
Q313145,Kazim Richards
Q3132,UN/LOCODE:DEMOS
Q3132368,Mecidiyekoy
Q313474,Hasan Şaş
Q3138,"trier, germany"
Q3138474,Galatasaray S.K. in European football
Q3141,"melbourne (vic.), australia"
Q314582,Stadion an der Gellertstraße
Q314851,Germany national under-21 football team
Q3148834,İlyas Kahraman
Q3150,un/locode:dejen
Q315309,ilhan mansiz
Q31564,hakan kadir balta
Q316113,amateur oberliga westfalen
Q3162922,Tugay Kaçar
Q316340,landesliga hessen
Q3163786,Blau-Weiss 90 Berlin
Q31644,trostberg
Q316497,germany national under-20 football team
Q3165375,Ugur Pamuk
Q316620,TSF 1893 Ditzingen
Q316679,niederrheinstadion
Q316686,oberliga nordost-süd
Q3167,history of siegen
Q316786,SpVgg Ludwigsburg
Q316789,melbourne victory fc kits
Q316855,sc chemie halle
Q316865,Preussen Muenster
Q316896,sachsenring zwickau
Q317045,memo okur
Q317289,bruno-plache-stadion
Q317318,Nizamettin Caliskan
Q317483,Abdulaziz Solmaz
Q317509,Hamit Yildiz
Q317511,Abdulkadir Özdemir
Q317518,Abdulkadir Özgen
Q317548,resort town
Q317605,abdullah durak
Q317612,abdullah ercanm
Q317634,Abdullah Halman
Q317678,Abdullah Karmil
Q317682,abdullah keseroglu
Q3177600,nihat baştürk
Q317837,gazi stadium
Q317868,niedersachsen-liga
Q317927,stadtliga hamburg
Q318043,Craven Cottage
Q318063,abdulkadir kayali
Q318069,Abdülkerim Bardakçı
Q318125,Abe Lenstra Stadion
Q3183,un/locode:auper
Q318348,young nec nijmegen
Q3184121,city brasil
Q3185,"Hiltown, Lower Saxony, Germany"
Q318969,gloria fiume
Q318997,vfb fichte bielefeld
Q319014,Central European Free Trade Agreement (CEFTA)
Q319136,st. mirren f c
Q3191617,kaan ayhan
Q319167,BSV Kickers Emden
Q31920,swimming (sport)
Q319363,west germany vs france (1982)
Q319376,hanau-münzenberg
Q31969,Stadium of light
Q319774,bornheimer hang
Q319792,"zolder, belgium"
Q319868,fc singen 04
Q32,Luxembourg
Q320481,SV Lichtenberg 47
Q320541,SC Herford
Q32112,boxing punches
Q3213032,utrechtse sportvereniging elinkwijk
Q3214,Chosebuz
Q321572,cüneyt çakır
Q321798,Sportpark Oberwerth
Q3224,constitution of new south wales
Q322643,Volkan Ünlü
Q322865,Erdal Kılıçarslan
Q322892,Ali Guenes
Q322906,necat aygün
Q322918,amateurliga niederrhein
Q323070,murat didin
Q3232,"schwetzingen, germany"
Q3237195,Levent Aycicek
Q3237432,leyla bağcı
Q323933,Muhammed Akaguenduez
Q324154,oberliga schleswig-holstein
Q32444,costa calida cf
Q324470,Kara Koyonlu
Q3245127,Hohe Warte Stadium
Q3245456,Tetovo Opština
Q3246109,Derbies
Q324698,Verbandsliga Mittelrhein
Q3247377,Uludağ Universitesi
Q324867,spain's first division clubs
Q32494,Die Knappen
Q324940,TuS Celle
Q324975,sportfreunde köllerbach
Q324983,SV Heimstetten
Q325014,SV Lippstadt
Q325223,egc wirges
Q325249,svn zweibrücken
Q325343,SD Croatia Berlin (futsal)
Q325461,Kingdom of Salonica
Q325809,EBB Stadium Recreation Ground (Aldershot)
Q326339,Üsküdar
Q326422,Kazakhstan Superleague
Q326598,Hakan Bayraktar
Q326827,Artistic gymnast
Q326839,Cüneyt Tanman
Q326854,Koray Avci
Q326859,Football Championship of the Azerbaijan SSR
Q327333,government agency
Q327428,murat tosun
Q327433,mahir saglik
Q327450,Mehmet Boztepe
Q327454,Aydin Karabulut
Q327459,Uhlenkrug-Stadion
Q327628,sg aumund-vegesack
Q327709,Celaleddin Koçak
Q3277433,Riocentro Convention Center
Q3277621,vinh stadium
Q3277702,sarawak stadium
Q3277733,bujang senang
Q327889,Furkan Özcal
Q328332,Fotbalový klub Mladá Boleslav
Q328658,ac le havre
Q3291331,US Royenne
Q3294324,kérkyras stadium
Q329607,ifk norrköping fk
Q329633,Mechelen-aan-de-Maas
Q32976,OAKA Indoor Sports Arena
Q33,republic of finland
Q330033,Japan National Stadium
Q330136,"mcg, melbourne"
Q330143,aus fb a-league sfc
Q330298,Stadion Feijenoord
Q3303777,Meadow Lodge
Q330756,Transcaucasian Democratic Federative Republic
Q3311998,estádio alfredo jaconi
Q331206,Vefa
Q331520,convention to combat desertification
Q331640,Hellas national basketball team
Q3318570,güven cavus
Q3323873,Estadio Municipal Los Arcos
Q332642,NOAD ADVENDO Combinatie Breda
Q332664,Willem II (football club)
Q3327913,2028 Summer Paralympics
Q3328883,Mustafa Kocabey
Q3332425,nenad bijedić
Q3334021,müslüm aydoğan
Q3335802,urban community of nantes
Q333634,translator
Q3337661,necip okaner
Q333838,fc ville-la-grand
Q3341285,Biljart
Q334714,Duchy of Athens
Q334778,Ülker City
Q334843,Ümit Karan
Q334849,Ümit Kurt
Q334859,ümit korkmaz
Q334864,Umit Tutunci
Q334876,Ümmü Kiraz
Q334886,Umit Ozat
Q334909,ünal alpuğan
Q334912,unal demirkıran
Q334924,Umraniye
Q334927,Unal Karaman
Q334941,ünyespor
Q334985,Oenoe (Pontus)
Q335079,üstün bilgi
Q3351700,Olympique Saint-Quentin
Q335413,Tolgay Ali Arslan
Q3358204,rahman bilici
Q336088,Estádio Nacional Mané Garrincha
Q3361,department of the doubs
Q336286,Defender (association football)
Q3366081,Tuğba Kocaağa
Q3369762,Agency for the Prohibition of Nuclear Weapons in Latin America and the Caribbean
Q3373012,Yalçin Granit
Q33748,SV Hannover 96
Q3375413,Ahmet Peker
Q338602,Lia Manoliu Stadium
Q3392513,fc bavois
Q33935,Telaviv
Q339568,Accra Sports Stadium
Q339572,millerntorstadion
Q33959,nice (france)
Q3396233,city stadium tetovo
Q339850,Foxboro stadium
Q339952,Principality of Orange-Nassau
Q33999,Television actor
Q34,p:sweden
Q340133,hacettepe sk
Q340179,fußball-regionalliga bayern
Q340195,nigeria trust fund
Q340551,akhmad kadyrov arena
Q3418390,ramazan tunç
Q34266,russia (empire)
Q343220,Ibrahim Aydemir
Q343234,Ibrahim Akın
Q3432691,a304 road (great britain)
Q343278,i̇brahim ferdi coşkun
Q343331,ibrahim kas
Q343372,ibrahim toraman
Q343377,İbrahim Yavuz
Q343383,İbrahim Yılmaz
Q343404,ibrahim ozturk
Q343406,Ibrahim Sahin (footballer)
Q343415,İbrahim Üzülmez
Q343559,İhsaniye
Q3435821,Jamtkraft Arena
Q343593,İlhan Eker
Q343629,i̇lhan parlak
Q3437,"perugia, italy"
Q34370,"rotterdam, south holland"
Q343789,ilkem ozkaynak
Q343801,İlker Avcıbay
Q343844,Ilyas Tufekci
Q343911,i̇mranlı
Q343957,i̇negölspor
Q343973,İnegöl
Q344007,irfan basaran
Q344035,ishak dogan
Q344036,Ishak Cakmak
Q344050,Iskender Alın
Q344068,Körfez İskenderunspor
Q344093,blocium
Q344139,i̇smail arca
Q344141,Ismail Baydil
Q344148,Ismail Demiriz
Q344163,ismail gulduren
Q3441751,King Peter I Stadium
Q344187,ismail odabasi
Q344193,i̇smail köybaşı
Q344201,İsmail Ogan
Q344206,mehmet yilmaz (striker)
Q344211,i̇smail şahmalı
Q344292,istanbul lisesi
Q344328,i̇stanbulspor a.ş.
Q344490,i̇zmir province
Q344531,izzet türkyilmaz
Q3446915,goal scorer
Q345120,acıpayam
Q3460761,sabriye gonulkirmaz
Q3462866,Mersin Olympic Stadium
Q34647,Jo'burg
Q347,military of liechtenstein
Q347045,tugay kerimoğlu
Q34713,Historic Centre of Salzburg
Q347172,sabri sarioglu
Q347327,Ayibogan
Q3481323,Shamrock Park
Q348199,Mehmet Topal
Q349,Sport/doc
Q3494229,spring gardens
Q3495356,"Sapele, Delta"
Q3495527,Lefkosa Ataturk Stadi
Q3495603,stade georges pompidou
Q3495852,stade omnisports roumde-adja
Q3495908,stade yvan georges
Q3496100,stade du tivoli
Q3496213,Stade du 7 Novembre de Gafsa
Q3496260,stadium emile-stahl
Q3496315,stadyum (i̇zmir metro)
Q3498949,Wrestling at the 1992 Summer Olympics – Men's Greco-Roman 62 kg
Q349941,Fevzi Elmas
Q35,Dennmark
Q350,Geography of Cambridge
Q3503732,Akif Pirim
Q3512083,TED Ankara Kolejliler Volleyball
Q351298,Mülayim Erdem
Q3515263,tansel başer
Q3515689,targovishte municipality
Q352251,Adana Demirspor
Q352270,adanaspor
Q3525305,Ender Günlü
Q352760,a. nugetre
Q352815,gokdeniz karadeniz
Q352891,Tayfun Cora
Q353508,1. divisjon
Q3536136,Trabzonspor (women)
Q353796,Firat Kocaoglu
Q3542299,turan sofuoğlu
Q3542498,Tuğçe Canıtez
Q3542501,Tugce Sahutoglu
Q3543762,galatasaray a2
Q354522,Adem Kocak
Q3545241,Mehmet Polat
Q3547772,ufuk talay
Q3552825,uğur aktaş (footballer)
Q3554742,UN/LOCODE:DKFRM
Q355487,Güven Önüt
Q355630,Adem Alkasi
Q355638,adem buyuk
Q355687,adem sari
Q35572,union des associations européennes de football
Q3557916,ael f.c. arena
Q3557985,2011-12 cypriot second division
Q3561131,kosta kasapoğlu
Q35615,Segunda division
Q3564213,"Göztepe, Izmir"
Q356591,ahmet suat özyazıcı
Q356694,Comprehensive Nuclear Test Ban Treaty Organization
Q3574281,ahmet yıldırım benayyat
Q358765,serkan kırıntılı
Q3589754,australia national under-17 football team
Q3589775,olyroos
Q358987,murat hacioglu
Q3589895,belgium national under-17 football team
Q3589896,belgium national under-20 football team
Q3590033,France national under-16 football team
Q3590274,Norway U-17
Q3590324,Romania national under-17 football team
Q3590410,Sweden national under-17 football team
Q3590479,turkey national under-17 football team
Q3590623,cameroon national under-23 football team
Q35933,Sport Club Corinthians Paulista
Q359388,adnan erkan
Q3593950,i̇smet uluğ
Q359403,adnan gungor
Q3594207,Seyma Ercan
Q359780,Adnan Polat
Q359806,necmi perekli
Q35997,"ismir, turkey"
Q36,PolanD
Q360668,mert korkmaz
Q3609,Road cycling race
Q3609929,alessandro chiappini
Q361,WwI
Q3611991,tufan kelleci
Q3612815,i̇brahim halil yaşar
Q361352,Mehmet Aurélio
Q36180,Writter
Q362,second world war
Q3622719,Naci Şensoy
Q3622953,ivailo (stadium)
Q3623331,lokomotiv stadium (plovdiv)
Q3624078,sovergein state
Q3624140,Manastır Askerî İdadisi
Q3624335,Duchy of Austria
Q3625171,Ludogorets Arena
Q362534,Tümer Metin
Q3631547,Bülent Esel
Q363511,soccer club names
Q3635505,Bariş Hersek
Q36362,Armani Jeans Milano
Q363830,berlin-tempelhof
Q36389,tae-kwon-do
Q3640,"Angora, Turkey"
Q3640055,Billy Mehmet
Q36433,Geography of Porto
Q364698,c.s. brugeois
Q3647195,burak eris
Q365,augusta ubiorum
Q36500,Olitalia Siena
Q3655311,fc etar (veliko tarnovo)
Q3655367,μακάρειο στάδιο
Q3658742,chavdar cvetkov stadium
Q36600,"Hague, Netherlands"
Q3665681,Cevher Ozer
Q366571,kubilay turkyilmaz
Q36687,VIC
Q36704,yugosalvia
Q368009,cevat guler
Q368232,Georgi Asparuhov (stadium)
Q36834,timothy thompson (composer)
Q368364,Cengiz Bicer
Q368675,Football Club Locarno
Q3692889,1973-74 cypriot cup
Q3692891,1975–76 Cypriot Cup
Q3692892,1976-77 cypriot cup
Q3692894,1983–84 Cypriot Cup
Q3692895,1984-85 cypriot cup
Q3692897,1985-86 cypriot cup
Q3696729,cray wanderers f. c.
Q369921,Hasan Türk
Q370173,sultanate of egypt
Q3702,bandırma banvit
Q370206,K. V. Oostende
Q37024,државна заједница
Q370545,buelent boeluekbasi
Q370712,SBV Excelsior
Q370883,National Football League (India)
Q3711,Belgrado
Q37143,List of G8 summits
Q371492,mehmet yıldız
Q371585,caja magica
Q371732,cypriot first division 2003–04
Q371779,engin ipekoglu
Q37178026,meta-organization
Q372191,SC Schwanenstadt
Q372599,Sivasspor
Q372601,1961–62 turkish national league
Q37285,2006 fifa world cup final positions
Q3731425,Ergün Berisha
Q373394,Ragıp Başdağ
Q373402,gustave bebbe
Q373424,Saadet Aksoy
Q3736767,schalke 04 ii
Q3737282,kenan yelek
Q373769,RewirpowerSTADION
Q3740691,Murat Ocak
Q3741086,federação paulista de futebol
Q374254,fc beroe stara zagora
Q374525,Ercan Aktuna
Q37470,United Nations Security Council
Q374883,stade meinau
Q375020,Fatsa
Q375058,2009 uefa cup final
Q375365,Giants stadium
Q375699,Chiajna
Q3758,hohenecken
Q3759076,Royal Halı Gaziantep
Q3761,Accra oil refineries
Q376150,ITU
Q37643,Naming the gulf war
Q376635,Zultse VV
Q376797,Erzerum (Theodosiopolis)
Q376854,Megarsus
Q3771,gutersloh
Q3772571,agreement establishing the caribbean development bank
Q377432,Cenk Tosun
Q3778,Oberplanitz
Q37792,Sint-Trond
Q3780306,Gülşah Akkaya
Q3780755,oyak renault
Q3782480,hakan demir
Q378275,semih sentürk
Q3786,Oberesslingen
Q378768,riza çalimbay
Q3790170,Mahmut Sönmez
Q379202,1952-53 Cypriot First Division
Q37985,"Carinthia, Austria"
Q38,P:I
Q3802,Hanau
Q380340,black sea economic co-operation
Q380458,Adıyamanspor
Q3808,"yaoundé, cameroon"
Q38108,figure-skating
Q3813,"marl, north rhine-westphalia"
Q38130,League Of Nations
Q3814082,Kaya Köstepen
Q3814087,kayhan kaynak
Q3814436,kem izzet
Q3820,Beiruit
Q3822,"Lünen, Germany"
Q38245,lg eintracht frankfurt
Q383196,fc kaernten
Q38380,Angiers
Q383932,danish second divisions
Q384,Uskueb
Q3840,"Velbert, Germany"
Q384005,turk telekomspor
Q384025,Canton of Haguenau
Q3841124,lütfi arıboğan
Q384531,divizia nationala
Q384535,African Union/United Nations Hybrid operation in Darfur
Q384801,мирсад туркџан
Q384914,feldkirch (district)
Q385083,Gurzelen Stadium
Q3852,"History of Worms, Germany"
Q385386,Spakenburg
Q38545,adanija
Q385496,omiya ardija
Q385549,otto grotewohl stadion
Q3856,lefkoåÿa
Q3857,wilhelmshaven refinery
Q3861,ad doha
Q386120,UN Industrial Development Organization
Q386360,ampfing
Q3865,history of villingen-schwenningen
Q386547,Stade Jacques-Chaban-Delmas
Q3869,Marburg/Lahn
Q3869264,muejdat yetkiner
Q3869955,Naile Ivegin
Q387157,quicken loans arena
Q3873525,Denmark national under-18 football team
Q3873528,Norway national under-19 football team
Q3873546,Australia national under-20 football team
Q3873550,Switzerland national under-20 football team
Q3874,"Gießen, Germany"
Q3874867,nesim ozgur
Q387691,estádio do futebol clube do porto
Q388072,sahin aygunes
Q3881494,olcay gür
Q388469,Urfa Province
Q388470,Olympic Stadium (ŞanlıUrfa)
Q388487,şanlıurfa s.k.
Q388673,Şefaatli
Q388687,Sehmus Ozer
Q388819,Senes Erzik
Q388845,Şenlikköy Stadium
Q388860,şenol akın
Q388863,Senol Can
Q388904,Senol Gunes
Q388957,Seref Has
Q388972,fc metalurg donetsk
Q388995,Trabzon Province
Q389004,"Țara Românească, Valachia, Walachia"
Q389027,şeyma erenli
Q3893,un/locode:delud
Q3893557,erkut senturk
Q389629,Afyon Khs.
Q389650,Afsin
Q3898,Castrop-Rauxel
Q39,Confédération suisse
Q3900,UN/LOCODE:DETRO
Q390256,Dunfermline FC
Q390637,sisli
Q390711,şükrü ersoy
Q391006,bosnian-herzegovinian premier league
Q39109,"minas gerais, brazil"
Q3914,SCHOOLS3
Q391473,de geusselt
Q3915789,volkan dikmen
Q3917212,Samican Keskin
Q391789,gais
Q3918,Vniversity
Q39189,stade du moustoir
Q392086,sŏul chonghap undongjang
Q39209,Koray Gunter
Q392288,štadión lokomotívy
Q392308,štadión 1. fc tatran prešov
Q392310,Linzer ASK
Q392494,Opel Arena (stadium)
Q39259,erdowan
Q3926,"Pretoria, South Africa"
Q3928,"norderstedt, germany"
Q39290,nk čelik
Q3930,Wiff-Waff
Q3935298,1923–24 Istanbul Football League
Q3936,bamburg
Q3939,Dinslaken
Q39420,Soči
Q3943,"lippstadt, germany"
Q3945149,Sait Altınordu
Q3946506,samir selesković
Q3950976,northern premier league division one south
Q3951,Wasseralfingen
Q3953931,1989-90 Cypriot Second Division
Q3953936,1996–97 cypriot second division
Q3953938,1997–98 Cypriot Second Division
Q3953939,1999–00 cypriot second division
Q3953943,2002–03 cypriot second division
Q3953944,2004-05 cypriot second division
Q3953945,2005–06 cypriot second division
Q3953946,2006-07 Cypriot Second Division
Q3955774,serap yücesir
Q3957,town (new mexico)
Q39614,Unhallowed ground
Q3963,history of fulda
Q39631,Phyſician
Q3967,"neuwied, germany"
Q396807,vrachori
Q3971,"herford, westphalia"
Q397343,"Solihull, West Midlands"
Q3977846,2008 turkish super cup
Q3985,Herten
Q3986424,courage stadium
Q3992,luik (city)
Q3994,"kempten, germany"
Q40,Etymology of Austria
Q4001,"Garbsen, Germany"
Q4001328,turkish basketball first league (tbl)
Q4006864,ugur koken
Q401009,Stade Omnisports
Q4011,lackhausen
Q401760,Ahmet Arı
Q401781,ahmet berman
Q401786,Ahmet Burak Solakel
Q401788,Ahmet Cebe
Q401796,Ahmet Dereli
Q401817,Ahmet Dursun
Q401848,Ahmet Görkem Görk
Q401887,ahmet kulabas
Q401896,ahmet kuru
Q401921,ahmet saglam
Q402011,ahmet i̇lhan ozek
Q402016,Ahmet Şahin (footballer)
Q402038,hebei zhongji
Q40249,italian occupation of adalia
Q4025501,omer bueyuekaycan
Q4025635,i̇tü bk
Q4026180,Gungoren M.Yahya Bas Stadium
Q40269,porto allegre
Q403,srvija
Q4032454,eighth kilometer district stadium
Q40348,attorney
Q40549,"adana province, turkey"
Q405784,Momchilgrad
Q405797,isperikh
Q4059038,Devran Ayhan
Q406,istanbul (turkey)
Q406184,ramazan yildirim
Q406558,nederlands-vlaamse accreditatieorganisatie
Q4068,stolberg/rheinland
Q4068565,arapongas esporte clube
Q406972,Air Canada Center
Q4072,Göppingen
Q40738,"Bursa, Turkey"
Q4074,kleinbüllesheim
Q408,Commonwealth Australia
Q4082,hattingen
Q40844,breda (netherlands)
Q4086,Menden (Sauerland)
Q4093,south glasgow
Q40942,BR-PE
Q4094837,boreham wood f c
Q40970,international olympic movement
Q41,hellada
Q4107588,sv werder bremen ii
Q4107855,Veria Stadium
Q411571,æzani
Q4120,gerlenhofen
Q4126,schwienfurt
Q41262,"nottingham, nottinghamshire"
Q41298,serial (library science)
Q41304,Weimar regime
Q41323,US football
Q4132655,sheikh russel krira chakra
Q41329,Linz
Q4133,"Nordhorn, Germany"
Q41397,genocide/sandbox
Q414,argentina
Q4140019,Switzerland national under-19 football team
Q4140371,Turkey national under-18 football team
Q41420,borussia dortmund ii seasons
Q41428,rio de janeiro province
Q414625,Akademic Sofia
Q41466,Women's ice hockey
Q4150,2013 FIFA World Cup U-20
Q41550,nesti group
Q41644,warsaw pact organisation
Q417007,Akdeniz University Stadium
Q4174,Emden
Q41753,Clagenfurtum
Q417685,Akhisar Belediyespor
Q4178,"wetzlar, germany"
Q4179789,Zhetysu Stadium
Q41876,Saint Remi Basilica
Q4191,"lucerne, switzerland"
Q41967,Upper-Austria
Q41984,iaea review
Q4198907,constitutional parliamentary republic
Q4209223,jural state
Q420970,belgian third division play-off
Q421023,"Organization of Ibero-American States for Education, Science and Culture"
Q421439,aksarayspor
Q421618,"aksu, antalya"
Q4216448,Blacktown New South Wales
Q42228,gergana branzova
Q42262,ESA projects
Q4230,union of south american republics
Q423208,Nonstate school
Q424435,akyazı
Q42448,sheffield england
Q424646,A. Sebatspor
Q424661,akcaabat
Q424674,akçadağ
Q424750,Akin Vardar
Q42486,men's wrestling
Q42497,Austria below the Enns
Q4264,MERCOSUR
Q42656,Kevin Rankin (basketball)
Q42658,harun erdenay
Q426881,mustafa sarp
Q42716,"saint-etienne, loire"
Q427491,SKN St. Polten
Q427991,lomma municipality
Q42800,"vista alegre, mina gerais"
Q42807,"Nimes, France"
Q42810,Le Havre-de-Grace
Q428115,parc des sports annecy
Q428177,al-gharafa stadium
Q428211,al-gharrafa sports club
Q4285478,etimesgut şekerspor
Q42944,Cristoforo Benvenuti
Q429468,FC Baden
Q42973,architect
Q43,turkiye
Q4300768,gebzespor
Q430107,Samsunspor
Q430693,nevsehir province
Q43070,History of Donetsk
Q43109,Referendums
Q43134,Galatasaray S. K.
Q431729,Greater Accra Region of Ghana
Q432213,Ceyda Aktas
Q432391,ducze province
Q43248,bavois (vaud)
Q43279,british empire exhibition stadium
Q43287,deutsches kaiserreich
Q433099,Erhan Senturk
Q43310,West Germany National Football Team
Q433109,hayrettin yerlikaya
Q43319,State of Maracaju
Q433230,Panthrakikos
Q433697,altach
Q43387,Archbishopric of Adrianopolis
Q434163,Recep Biler
Q43450,Gymnastic
Q434929,Altay Izmir
Q4353241,"bridge road, histon"
Q4353979,anıl koç
Q435749,fehmi alpay özalan
Q4361,un/locode:brcwb
Q43690,bursa province
Q43702,Federal political system
Q43710,mp antalyaspor
Q43745,Artvin Province
Q4384426,Thurrock F. C.
Q43845,Business persons
Q438822,alper akçam
Q43924,adıyaman i̇li province
Q440361,Rukiye Yildirim
Q440846,Mevlut Erdinc
Q44118,hamit altintop
Q441580,emre gungor (turkish footballer)
Q442755,Orhan Şam
Q442764,Erhan Güven
Q442766,Neslihan Yiğit
Q442895,SV Altludersdorf
Q44295,Arsenal Kyiv
Q443881,sefa yılmaz
Q444318,Buruk Okan
Q444341,Didier Six
Q444822,rıdvan şimşek
Q444853,Furkan Aydin
Q444939,Rasim Kara
Q4450209,taksim stadı
Q445496,hakan aslantaş
Q445507,emre güral
Q4458545,sinan ayranci
Q446169,Serdar eylik
Q446506,Kadir Bekmezci
Q447191,Altinordu Spor Kulubu
Q447265,altınözü
Q44763,polish top flight
Q448199,Verkehrsverbund Rhein-Ruhr
Q448297,Ayhan Akman
Q4484479,fa cup final 1915
Q4484483,fa cup final 1927
Q4484485,fa cup final 1930
Q4484486,fa cup final 1932
Q4484487,fa cup final 1936
Q4484489,FA Cup Final 1939
Q4484490,fa cup final 1948
Q4484491,1950 FA Cup Final
Q4484492,1952 fa cup final
Q4484493,The Matthews Final
Q448801,große kreisstadt
Q45,PORTUGAL
Q4501316,Aykut Ozer
Q450449,favoritner ac wien
Q450726,alzey
Q451175,Miracle of Cordoba (1978 FIFA World Cup)
Q4512,vfb stuttgart in european football
Q45220,Afyon Province
Q452203,Gulcan Mingir
Q45301,history of trabzon
Q4534660,france national youth football team
Q453875,f.c. hertha 03 zehlendorf
Q453951,Korcan Celikay
Q453996,veysel cihan
Q4540,Eschen
Q45412,history of coimbra
Q454410,murat duruer
Q4545849,1. FC Nuremberg Amateure
Q4546967,10th !f Istanbul AFM International Independent Film Festival
Q4555872,FA Cup Final 1882
Q4556000,fa cup final 1884
Q4556071,fa cup final 1885
Q4556139,1886 FA Cup Final
Q4556209,1887 fa cup final
Q4556623,FA Cup Final 1892
Q4556816,1894 fa cup final
Q4556928,fa cup final 1895
Q4557048,1896 FA Cup Final
Q4557397,1899 fa cup final
Q4557981,fa cup final 1902
Q4558100,1903 FA Cup Final
Q4558224,1904 FA Cup Final
Q4558369,FA Cup Final 1905
Q4558514,1906 FA Cup Final
Q4558683,1907 FA Cup Final
Q4558845,fa cup final 1908
Q4559167,1910 FA Cup Final
Q455926,muhammed ildiz
Q4559327,1911 fa cup final
Q4560837,1920 fa cup final
Q4561532,fa cup final 1924
Q4561716,FA Cup Final 1925
Q4561818,1925-26 Istanbul Football League
Q4561885,FA Cup Final 1926
Q4561989,1926–27 Istanbul Football League
Q4562243,fa cup final 1928
Q4562355,1928–29 istanbul football league
Q4562419,1929 FA Cup Final
Q4562540,1929–30 istanbul football league
Q4562832,1931 FA Cup Final
Q4562948,1931–32 istanbul football league
Q4563148,1932-33 istanbul football league
Q4563218,1933 fa cup final
Q4563337,1933-34 Istanbul Football League
Q4563401,fa cup final 1934
Q4563526,1934–35 istanbul football league
Q4563590,1935 FA Cup Final
Q4563723,1935-36 istanbul football league
Q4563950,1936–37 Istanbul Football League
Q4564023,1937 fa cup final
Q4564178,1937-38 istanbul football league
Q4564418,1938-39 Istanbul Football League
Q4564644,1939–40 Istanbul Football League
Q4564846,1940-41 Istanbul Football League
Q456495,castle of bleid
Q4565017,1941–42 Istanbul Football League
Q4565167,1942-43 istanbul football league
Q4565331,1943-44 istanbul football league
Q4565490,1944–45 istanbul football league
Q4565733,FA Cup Final 1946
Q4565982,fa cup final 1947
Q4566145,1947–48 Istanbul Football League
Q4566451,1948-49 istanbul football league
Q4566546,1949 fa cup final
Q4566720,1949–50 istanbul football league
Q4567042,1950–51 Istanbul Football League
Q45671,New anfield
Q4567139,1951 fa cup final
Q4567356,1951-52 istanbul football league
Q4567661,1952-53 istanbul football league
Q4567952,1953-54 Istanbul Football League
Q4568264,1954–55 istanbul football league
Q4568592,1955-56 istanbul football league
Q4568907,1956–57 Istanbul Football League
Q4569179,1957–58 istanbul football league
Q4569521,1958–59 istanbul football league
Q4572416,1966 presidential cup
Q4572837,1967 uefa european under-18 football championship
Q457376,CSKA Moscow (basket-ball)
Q457460,sv ried
Q458,EU treaties
Q4580814,1982-83 Mersin Idmanyurdu season
Q459,Филипопол
Q459119,Taiwan national soccer team
Q459148,en avant guingamp
Q4593915,1998 Presidential Cup
Q459495,bechiktache
Q4596989,2. bundesliga süd
Q460494,vasilis staikos
Q4607051,2006 Turkish Super Cup
Q460724,hammarby if fotboll
Q4609446,2007 turkish super cup
Q4610556,female model
Q4611891,Football (soccer) positions
Q46130,Nouveau-Rhone
Q4614968,turkish super cup 2009
Q461736,Club de Paris
Q461806,Burcu Ayhan-Yüksel
Q462240,Stade Pierre de Coubertin (Paris)
Q462471,Power Forward (basketball)
Q462705,Ali Bayramoğlu
Q462720,Preußen-Stadion
Q463358,emre asik
Q464018,karl liebknecht stadion
Q4640709,568 group
Q464336,Eintracht Nordhorn
Q464454,gheel
Q464775,FC Thun
Q464839,ksv baunatal
Q4653610,original arco arena
Q4655240,azal arena
Q46582,fair play ligaen
Q4666021,Abdullah Kiğılı
Q4666116,abdullah cevrim
Q4666356,Abdülkadir Köroğlu
Q4670318,estádio rua bariri
Q467938,Summits of the Americas
Q4680614,adana football league
Q4680624,Adanaspor Basketbol
Q4682111,adem arda atay
Q4682114,adem dursun
Q4683899,adnan menderes stadium
Q4683922,adnan süvari
Q4683923,Adnan yıldız
Q469079,Kehrweg Stadion
Q46934,World cup 1982
Q46938,Argentina in Mexico 86
Q46943,football world cup 1978
Q4696145,Akdilek
Q4696156,Ahmet Cömert
Q4696210,Ahmet Öcal
Q4700079,Akademik Stadium
Q47002,"Carlton, Victoria"
Q4702053,fatih stadı
Q470396,Dietmar Hopp Stadion
Q47050,dutch national football team
Q4705140,Alaeddin Baydar
Q470669,elvir boliç
Q47108,Tutku Açık
Q47117,Balikesir Ili
Q471572,antonis fotsis
Q471690,Comunidad andina
Q471969,european metropolis of lille
Q472,sofia/comments
Q472214,osv hannover
Q472256,orhan kaynak
Q472311,international organisation for migration
Q4724775,Ali Eren Beşerler
Q472481,onur bayramoğlu
Q4724822,Ali Gültiken
Q472488,Serdar Gürler
Q472505,okan alkan
Q4725062,Ali Mumcu
Q472508,Veli Kavlak
Q4725333,ali olmez
Q4725334,ali öztürk (footballer born 1986)
Q4725338,"Ali Öztürk (footballer, born 1987)"
Q4725672,Alican Kaynar
Q47261,herzogtum baiern
Q472707,pazarspor
Q472710,Kaftanzoglio Stadium
Q4727582,Alişan Şeker
Q4728370,All-seater stadium
Q473032,MDCC-Arena
Q473223,Estadio Cornellà-El Prat
Q473248,cyprus football federation
Q473329,wacker arena
Q4734838,Alper Saruhan
Q4734842,alper yılmaz
Q4735767,"alsancak, izmir"
Q473590,atilla aybars garhan
Q4736141,altan aksoy
Q4737084,Altınordu İdman Yurdu SK
Q4740644,türkiye amatör futbol şampiyonası
Q474355,SpVgg Fichte Berlin
Q474775,embdena-stadion
Q4748578,Amputee Football
Q474858,waldstadion an der kaiserlinde
Q47488,institute for international criminal investigations
Q47539,south atlantic peace and cooperation zone
Q47543,OCI
Q475725,alpaslan erdem
Q475887,Amateurliga Bremen
Q475931,Westerlo
Q4765978,Ankara Football League
Q4765985,ankara university law school
Q476674,parkstad limburg stadion
Q4767967,annapolis group
Q47728,Hobby Activity
Q477309,ligat ha'al
Q47735,2002 fifa world cup hosting controversy
Q47774,France national football team kits
Q4778539,Anıl Abanoz
Q478000,"stadion ""rajko mitic"""
Q47813,Çanakkale Province
Q47822,lumhalghs
Q478278,Zlatiborski okrug
Q478317,coritiba foot ball club
Q4787779,arda vekiloglu
Q47887,nieumeghen
Q4790540,Arif Karaoğlan
Q479269,SC Wiedenbruck 2000
Q479273,sv straelen ii
Q479276,bremer sv
Q479289,VfV Borussia 06 Hildesheim
Q4792918,armagan kus
Q479306,vfb huels
Q479310,SV Yesilyurt
Q479321,fv illertissen
Q479332,fc bremerhaven 1899
Q479340,TSV Rain am Lech
Q479351,S.V. Darmstadt 98
Q479371,fsv luckenwalde
Q479619,Audi-Sportpark
Q479641,semih aydilek
Q479643,sezer badur
Q479646,cihan özkara
Q4803895,Faruk Namdar
Q4803899,samet hasan yıldıran
Q4810015,american association of agricultural colleges and experiment stations
Q4810036,Association of research libraries
Q4810069,Peristerona
Q4810487,Assyriska BK
Q4811839,nimet karakuş
Q4812654,atakan yüksel
Q4812889,Istanbul Ataturk High School of Science
Q4812922,atay aktuğ
Q4813146,Ates Çinar
Q4813737,Athletic Football Club
Q48159,city of manchester stadium
Q4816625,saher stadium
Q4816632,sukru birand
Q4816708,nagihan
Q481795,orlando events center
Q4818017,Timsah Arena
Q4818256,azerbaijan national football team u-19
Q4818711,"Örnekköy, Beykoz"
Q4819397,merve aydin
Q4819517,FA Cup Final 1897
Q4819550,batman belediyespor
Q4820125,Levent Kartop
Q4823749,Karadeniz Technical University
Q4823750,Australia women's national under-20 soccer team
Q482406,Anyang LG Cheetahs
Q482441,Daegu Blue Arc Stadium
Q482446,saitama stadium 2002
Q4825450,austria national under-17 football team
Q4825490,Regionalliga Mitte
Q4825491,Austrian Regionalliga East
Q482562,incheon united fc
Q482581,ōita bank dome
Q482585,Seogwipo Worldcup Stadium
Q482589,Busan World Cup Stadium
Q482591,Ogasayama Nature and Sports Park Stadium
Q482598,Daejeon World Cup Stadium
Q482601,munsu stadium
Q4826101,zekiye keskin satır
Q4826180,gümüşhanespor
Q482779,giresun province
Q482788,gumushane province
Q4827991,Aveley F. C.
Q482825,Parêzgeha Sêrt
Q482834,Kahramanmaras Province
Q482975,Karaman Province
Q482980,Auther
Q483020,paris st germaine
Q483040,Samsun Province
Q483044,daegu fc u-18
Q4830453,firm (economics)
Q483053,eskisehir province
Q483078,Uşak Province
Q483083,Yalova Province
Q483091,elâzığ province
Q483100,sivas province
Q483110,Estadio
Q4831231,Ayhan Guclu
Q4831234,Ayhan Karakuş
Q4831241,Ayhan Sahenk Spor Salonu
Q4831526,umit aydin
Q483154,gaziantep ili
Q483168,Karabük Province
Q4831706,aysel taş
Q483173,Erzincan Province
Q4831733,aytekin viduşlu
Q483180,Ordu Province
Q483191,Kastamonu Province
Q483195,tokat (province)
Q48320,Iwaoka
Q4832059,"bayat, ayaş"
Q4832645,Deniz Baykara
Q4832690,aziz saglam
Q483331,history of iğdır
Q48336,turkish provinces
Q48338,kaisari
Q483472,kayseri province
Q483481,rize province
Q48349,empire creation and destruction
Q4835770,BJK Akatlar Spor Komplex
Q4835814,bk olympic malmö
Q483738,Anadolu Efes Sports Club
Q483741,Anadolu Selçukluspor
Q483856,Türkiye millî futbol takımı
Q484038,brøndby municipality
Q484170,communes in france
Q484188,Serial Killers
Q4843094,bahcelievler stadium
Q48432,World Cup 1930
Q484392,Kırıkkale Province
Q4850213,balboa stadium
Q485172,honey creek community school
Q485207,peace mission 2007
Q4853221,balıkesir atatürk stadium
Q4854024,banbury spencer f.c.
Q4854796,Bandırma Kırmızı
Q485568,turkish super league
Q485575,anemur
Q485581,venice of portugal
Q4857331,banvit kara ali acar sport hall
Q485771,tarkan tevetoglu
Q485813,SC Bad Neuenahr
Q4858459,northern premier league premier division
Q4861136,Barlas Erinç
Q4868482,Bat Yam Municipal Stadium
Q4869413,Batman Petrolspor
Q486972,community
Q4873341,Batuhan Altıntaş
Q487459,turan arda
Q4875289,Bagcilar Olympic Sport Hall
Q4875294,Baglumspor
Q487786,"orihuela, spain"
Q4879387,Bedri Gursoy
Q487999,"gainesville, florida"
Q4881624,bekir karayel
Q4881630,Bekir Sıtkı Bircan
Q4882484,belgië vierde klasse b
Q48837,Npower League 2
Q48862,Aldershot Town F. C.
Q488826,"alachua county, florida sheriff's office"
Q48898,levent district
Q488981,The European Bank for Reconstruction and Development
Q48911,f.c. lorient
Q4891949,Berkay Onarici
Q4893434,national heap
Q48954,york city football club
Q489700,Reichshofstadion
Q489902,nordlingen
Q490,Milan
Q4900437,Beşiktaş J.K. U-21
Q490586,AEC Mons
Q490923,Sogndal
Q491102,taldi-kurgan
Q4911929,Billingham Synthonia F C
Q491507,beylerbeyilik of egypt
Q4916380,birkan batuk
Q49164,"Amherst, ma"
Q4916923,birol aksancak
Q4916925,Birol Pekel
Q4917491,Bishop Auckland F. C.
Q4921917,black stockings f.c.
Q4923485,blacktown city demons
Q492430,Bouches-de-l'Elbe
Q492826,mke ankaraguecue
Q493464,Bergisch Gladbach 09
Q493522,List of Belgian municipalities
Q493545,Incheon Football Stadium
Q493826,lyngby-taarbaek municipality
Q4939123,Boldmere St. Michaels F. C.
Q494388,Wigan Athletic Stadium
Q4944264,bora vang
Q494472,Kayseri Ataturk Stadium
Q494504,Bludenz
Q4946151,Bornova Belediye
Q4946461,bathing place
Q494749,Big Swan
Q494758,gwangju universiade main stadium
Q494761,suwon big bird stadium
Q494766,Kobe Wing Stadium
Q494769,Kashima Soccer Stadium
Q494773,miyagi stadium
Q4948,Venetian golden era
Q494829,bus depot
Q494832,nagai stadium
Q494860,Sapporo Dome
Q495,Notable people of Turin
Q4952937,Boğaziçi Sultans
Q495299,Galatasaray F.C.
Q495324,Stadion schuetzenwiese
Q495426,Ceyhun Eris
Q495428,Bretten
Q4965058,Belgium national youth football team
Q49657,Schaan
Q49663,balzers
Q4968684,briskeby arena
Q4973770,Bromsgrove sporting
Q49743,"vizé, belgium"
Q497549,Tubize
Q497731,viranșehir
Q49790,guido kocer
Q49803,Halil Savran
Q498560,rotenburg (wümme)
Q4987212,Bulancakspor
Q499151,treaty of institutionalization
Q499380,Kungsbacka kommun
Q4994260,"Yasin Avcı (footballer, born 1984)"
Q4994467,valby idrætspark
Q4996176,bulgaria national under-20 football team
Q4998096,burak karaduman
Q4998099,Burak Yacan Yuksel
Q4998107,Buran Beadini
Q4999443,beykan şimşek
Q4999499,erten ersu
Q5,Huamn
Q5000553,Bursa Ataturk Stadi
Q5000554,bursa nilufer s.a.s.
Q500198,"Eid, Norway"
Q5005274,bulent bal
Q5005275,Bulent Ataman
Q5005280,bülent giz
Q5005286,Bulent Yildirim (referee)
Q5005287,Bülent Uzun
Q5005289,bulent ucuncu
Q5005301,Bünyami Sudaş
Q500922,Stoke Stadium
Q500972,philips stadion
Q501223,ffc zuchwil 05
Q501245,S. S. C. Venezia
Q5014111,crvg
Q501693,esperance sportive troyes aube champagne
Q5017127,ali cafer çağatay
Q5017432,Cahit Paşa
Q501758,univ.of florida
Q5021351,Calihan Hall
Q502401,erlenbach am main
Q5028227,Campbelltown Sports Stadium
Q502895,Common names
Q5029038,can emre yuecel
Q503138,furesø municipality
Q5031663,Candeğer Kılınçer
Q5032272,Caner Celep
Q503295,illertissen
Q503319,"olympic stadium, amsterdam"
Q503361,Malmö kommun
Q503623,Gold Coast colony
Q503711,"Nordenham, Germany"
Q504125,københavns kommune
Q504725,Heeslingen
Q504880,Kirchheim bei Muenchen
Q504988,Kumla kommun
Q5057510,Celal Ibrahim
Q5058612,Cem Efe
Q5058615,Cem Kargin
Q5058632,Teddy Yıldız
Q5058726,Cemil Mengi
Q5058727,cemil erlertürk
Q5058768,Cemsir Muratoglu
Q5058859,Cenk Renda
Q5059850,center for research libraries (crl)
Q50602,man c
Q506250,City of Stockholm
Q5064176,ceren sarper
Q506568,Anil Dilaver
Q5065754,cevher özden
Q506906,Koray Arslan
Q507832,bulent korkmaz
Q507956,Yunus Malli
Q508033,Murat Akça
Q508231,Marktredwitz
Q5093235,cheshunt f c
Q509828,mustafa yumlu
Q510379,Baris Atas
Q510428,polat keser
Q511270,moelndal municipality
Q5116368,Chungbuk Sportstoto WFC
Q5119,National Capital
Q512064,horsens municipality
Q512187,federal republic
Q512275,1992 african cup of nations
Q512278,Ozan Evrim Özenc
Q512293,Feucht
Q512296,Midland Alliance
Q512457,Randers Municipality
Q512500,Grotenburg-Stadion
Q512528,Mariagerfjord
Q512991,Samed Yeşil
Q5131480,clementi stadium
Q513237,kocaelispor
Q5137571,Head basketball coach
Q513840,Konya Idman Yurdu
Q513980,neocæsarea
Q514714,netherlands u19
Q515,city (kentucky)
Q515037,1994 Africa Cup of Nations
Q5152,mustapha kemal pasha
Q515409,sölvesborg municipality
Q515782,stayen
Q516025,Italy 4-3 West Germany (1970 FIFA World Cup)
Q516080,salem municipality
Q516336,"sodertalje, sweden"
Q516448,Allendorf (Haiger)
Q516529,Seligenstadt
Q516581,Baunatal
Q517570,"Arrondissement of Saint-Denis, Seine-Saint-Denis"
Q517599,Mahmut Atalay
Q5176420,Council of independent colleges
Q5180176,Coskun Birdal
Q5180179,coskun gogen
Q518101,first republic of austria
Q518801,Bahlingen am Kaiserstuhl
Q518802,W-League (Australia)
Q519663,Kosching
Q51974,hamburg sv
Q51976,Fußballverein Werder
Q520207,Diyarbakirspor
Q520369,"walsrode, germany"
Q5203956,d.c. divrigi
Q520549,geologists
Q520623,FIBA EuroBasket 2003
Q5210935,dalian sports center
Q5212694,Barrows Farm
Q5212948,Hastings Town F.C.
Q5215702,dandenong thunder
Q522541,Adolfseck
Q5225771,Darul Aman Stadium
Q522620,bad neuenahr
Q5226327,darüşşafaka high school
Q522688,Yiğit İsmail Gökoğlan
Q522718,yigit incedemir
Q5228583,Dave Coskunian
Q522930,Stade Charles Tondreau
Q523813,Kürşat Duymuş
Q523871,Uğur Yildirim
Q524050,emine ülker tarhan
Q5243075,Serdar Dayat
Q524349,seyhan district
Q524378,Wattenscheid 09
Q524619,servet uzunlar
Q52502,goeteborg municipality
Q525240,Muslum Yelken
Q525354,austria vs switzerland (1954 fifa world cup)
Q525425,rathenow
Q5255892,republican democracy
Q5257860,Deniz Aydoğdu
Q5257867,Deniz Cinar
Q5257868,Deniz Ozlem
Q526631,bülent ertuğrul
Q526794,fc sportist svoge
Q5275906,Digital Library Federation
Q527626,dilucu
Q5276744,dilek sabanci sport hall
Q5277416,Dimitar Burkov Stadium
Q527947,Canon Yaoundé
Q528546,first hellenic republic
Q528602,Andirin
Q5289382,Dolmabahçe-Bomonti Tunnel
Q5291120,erith town f. c.
Q529162,Özyakup
Q529579,tsv schwaben augsburg
Q529605,electorate of hesse
Q530299,Aylin Yaren
Q5303863,Dogan Seyfi Atli Stadium
Q5303893,dogukan pala
Q530735,stade auguste-delaune ii
Q532,village
Q5320389,"Doger, Ihsaniye"
Q533094,fc viitorul constanța
Q5332344,Ecem Güler
Q5334350,uae football league
Q5337822,edgerton park arena
Q5338089,edim demir
Q5338322,edip burhan sport hall
Q5338331,edirne 25 kasım stadium
Q5338338,Edirnespor
Q5347662,Efsan Gecgin
Q534799,greater istanbul
Q535086,Iberoamerican Summit
Q5355645,Electoral district of melbourne
Q5359559,Sydney Showground Stadium
Q5360803,Elif Yildirim
Q5362152,tekirdagspor
Q5371526,Premier League Malaysia
Q5372,baksetball
Q5372462,emin bülent serdaroğlu
Q5372484,The Entrusted Shadow / From New Zealand to Gallipoli 1915
Q537250,Federal cities
Q5372601,Emirhan Ergün
Q537301,TSV Havelse
Q5374768,emrah kiraz
Q5374778,emre kahraman
Q5374789,emre yüksektepe
Q5374791,emre i̇şçiler
Q537552,fc teda
Q5376054,Ender Alkan
Q5377,Golfer
Q5377636,engin oztonga
Q5378,🏉
Q5379010,enka sport hall
Q5385241,Ercument Kafkasyali
Q5385242,Ercüment Sunter
Q5385245,erdal bibo
Q5385253,erdal sunar
Q5385269,Erdemir Sport Hall
Q5385837,ergun öztuna
Q5385847,Ergün Batmaz
Q5385854,erhan aydın
Q5385857,erhan kuşkapan
Q5385859,erhan namlı
Q538793,IFK Vaernamo
Q538844,BSV Villach Juniors
Q5389625,eriş özkan
Q5389646,Erkan Veyseloğlu
Q5389647,Erkan Öztürk
Q5389872,Erman Güraçar
Q5389873,Erman Öncü
Q539019,wizink center
Q53913,Rödinghausen
Q5395762,ersan dogu
Q5395921,ertugrul arslan
Q539678,Regional League North
Q539734,Tanju Colak
Q5398173,Eskişehir Demirspor
Q5398176,eskişehir football league
Q5398179,Eskisehirspor Magazine
Q5398426,TV series
Q5398682,Esp Stadium
Q5399292,esra erol
Q5400130,nuevo cerro del espino
Q540844,Agdam
Q54129,international labour office
Q541779,Sông Lam Nghệ An
Q5418784,Evren Erdeniz
Q542,Athletics (European)
Q5423529,eşfak aykaç
Q5423714,f.c. porto b
Q5424829,fc augsburg amateure
Q5424958,PFC Haskovo
Q5424977,FC Ingolstadt 04 II
Q542549,east asia summit
Q5426252,FK Mladost Velika Obarska
Q5426301,Trepča Kosovska Mitrovica
Q5429620,fahrudin durak
Q54341,Borlange
Q543710,Aykut Akgün
Q5437785,fatih egedik
Q5437796,Fatih Nurullah Turan
Q5437805,"Fatih Öztürk (footballer, born 1983)"
Q5439093,fayoum stadium
Q5440916,Federacao Gaucha de Futebol
Q5443324,fenerbahçe s.k. a2
Q5443333,fenerbahçe tv
Q5444279,Ferhat Çerçi
Q5444282,Ferhat Korkmaz
Q5444316,Feridun Sungur
Q544714,Mehmet Yozgatlı
Q5448244,fikret kırcan
Q5448245,fikret orman
Q5450905,finnvedsvallen
Q545205,Transcaucasus SFSR
Q545449,operation iraqi freedom
Q5461959,florya metin oktay sports complex and training center
Q546557,FC Kainar
Q546634,"Nea Smýrni, Greece"
Q546803,arbon district
Q546814,muhammed demirci
Q547589,georgi-dimitroff-stadion
Q54771,Vaernamo
Q547786,Arif Şahin
Q547797,serkan balcı
Q547985,Ernst Abbe Sportfeld
Q548076,Wersestadion
Q548113,Alpenbauer Sportpark
Q548138,gagfah-arena
Q548204,hursut meriç
Q548218,Ergun Teber
Q548234,Sidney Cristiano Dos Santos
Q548270,hurriyet gucer
Q548294,Okan Deniz
Q548327,fuat capa
Q548811,Sinan Oren
Q5489,Augustobona
Q548937,Regionalliga North-east
Q54922,Real Madrid-Teka
Q549546,1977-78 Cypriot First Division
Q54988,dinamo baku
Q55,Netherlands (European territory)
Q5506899,Fuat Kalkan
Q5506902,fuat yaman
Q550712,kamil corekci
Q550735,hakan özmert
Q550752,Murat Yildirim (footballer)
Q550758,Aydin Toscali
Q550789,sinan ozkan
Q550935,mert erdoğan
Q550947,sercan kaya
Q5511150,Fußball-Landesliga Bayern-Südwest
Q5511809,Firat Akkoyun
Q5514611,GSP Stadium (1902)
Q551564,malik fathi
Q551614,Cumali Bisi
Q551618,Halil Çolak
Q551622,atilla yıldırım
Q551837,Sportforum Berlin
Q5522033,garbis i̇stanbulluoğlu
Q552253,Kerim Koyunlu
Q5523725,Garo Hamamcıyan
Q552535,ahmet çakar
Q552569,tevfik köse
Q5526482,gaskispor
Q552804,tugay semercioğlu
Q552808,ferhat kiraz
Q5529125,Gazi warriors
Q5529131,Gazi Üniversitesispor
Q55300,Soviet Zone of Occupation
Q553004,Ferhat Pehlivan
Q553032,Gokhan Keskin
Q553130,fatih keleş
Q5536261,george andrews reserve
Q554001,Salih Uçan
Q554088,Savas Yilmaz
Q555091,Engin Baytar
Q5552186,Germany women's national youth football team
Q555534,Cenk İldem
Q555836,regionalliga west
Q555889,Serdar Kesimal
Q555994,ak koyunlu
Q556085,fethi heper
Q556089,fikri elma
Q556101,cafercan
Q556114,Cem Pamiroğlu
Q556128,ali kuçik
Q556161,alper balaban
Q556417,new ankara stadium
Q556437,ankara demirspor
Q556570,buyuksehir belediye ankaraspor
Q5575,"werdohl, germany"
Q5576137,godalming town f.c.
Q5583848,oak ridge associated universities
Q558754,kerem inan
Q559158,Fatih Tekke
Q559520,langenau (wuerttemberg)
Q560001,Elvir Balic
Q5601635,greece men's national under-19 basketball team
Q5602623,Green Gully Reserve
Q56036,Berlin (West)
Q56061,Political region
Q561068,specialty television
Q5620134,Isa Demir
Q562032,lohfelden
Q562072,Jeonju World Cup Stadium
Q562157,Erol Bulut
Q5626475,Gokhan Bozkaya
Q5626478,gokhan birben
Q5626479,gökhan kök
Q5626480,gökhan çalışal
Q5626484,Goekhan Tokgoez
Q5626514,Göksu Üçtaş
Q5626872,gulsah kiyak
Q5626874,Gümüşay
Q5626927,Gunduz Tekin Onay
Q5626968,Güneş S.K.
Q5627138,Gurkan Ekren
Q5627174,Güven Gürsoy
Q5627176,guven guneri
Q563145,Furkan Alakmak
Q563166,damir ibrić yüksel
Q563664,Lubars
Q5640307,Hakan Akman
Q5640313,Hakan Cengiz
Q5640549,hakki hocaoglu
Q5640551,Hakkı Yeten
Q5641328,haldun alagas arena
Q5644342,Hamburger SV Amateure
Q5645566,HIF
Q5647750,Hanefi Mahçiçek
Q565412,sezer öztürk
Q5656849,"Harem, Istanbul"
Q565812,brunswick-calenberg-goettingen
Q566141,ssvg velbert
Q566165,Optik Rathenow
Q566179,torgelow sv
Q566187,wuerzburger fv
Q566195,Hammer SpVg
Q566397,weimar triangle
Q566653,fc 08 villingen
Q567402,Benteler Arena
Q567406,Mustafa Dogan
Q567677,Second Fußball-Bundesliga 2005-06
Q5678101,Hasan Ahmet Sari
Q5678310,Hasan Yigit
Q5679254,Haskovo Stadium
Q568276,bonner sc
Q569272,Sinan Bolat
Q569648,eschborn
Q569664,hahn (taunusstein)
Q570116,tourist destinations
Q570842,Antalya Ataturk Stadium
Q570843,Antalya Marathon
Q570978,Doğan Babacan
Q571158,Sogndal Idrettslag
Q571553,Motor Babelsberg
Q571624,idrottsparken
Q571970,torgelow
Q572134,nj nets
Q572255,Meuse-Rhine Euroregion
Q57278,broadmeadow racecourse
Q573111,Serkan Çalık
Q573135,ali bilgin
Q573150,Ceyhun Guelselam
Q57318,Imperial free city
Q573208,caner osmanpasa
Q573330,yasin öztekin
Q574146,Luckenwald
Q574558,"Heerenveen, Netherlands"
Q575370,San Jose Earthquakes (MLS)
Q5760653,Hikmet Topuzer
Q5762011,hill 10 commonwealth war graves commission cemetery
Q5762031,Hill 60 Commonwealth War Graves Commission Cemetery
Q5770610,ciudad deportiva luis del sol
Q577265,Serdar Ozkan
Q577760,Ugur Tütüneker
Q577945,1976–77 cypriot first division
Q577979,jabá
Q579117,Prote
Q579132,Sandžak
Q579369,2002–03 super lig
Q57948,aue (sachsen)
Q580003,tatung club
Q580705,Rahim Zafer
Q581247,Kemalettin Senturk
Q582280,spieker field
Q582423,FC Sydney Croatia
Q582868,Ammochostos Stadium
Q583619,"Owerri, Nigeria"
Q5844,aslı çakir
Q584483,cihan can
Q584658,Vauban Strasbourg
Q585295,1998 Brazil vs. France
Q585487,güngören belediye spor
Q58560,qinhuangdao
Q585627,Gransee
Q586,Bonn
Q586379,Ferdi Elmas
Q586434,egridir
Q586704,urban community of strasbourg
Q587385,Metin Akan
Q587509,k. beringen-heusden-zolder
Q5876764,Hofheinz Pavilion
Q58778,subsystem
Q58780,kuringen
Q588319,bfc turkiyemspor
Q588864,berkin kamil aslan
Q588926,stadio pierluigi penzo
Q58915,skrill south
Q58916,Skrill Premier
Q58976,Peiraias
Q590268,Wildparkstadion
Q59041,Blue Square North
Q59147,Lefkosia District
Q59148,district of ammochostos
Q59150,limassol district
Q591583,grimsta ip
Q5922,landkreis soltau-fallingbostel
Q592241,iraklis thessaloniki fc
Q5923,Rotenburg (Wümme) district
Q5927628,sultan ismail nasiruddin shah stadium
Q593076,Vrapčići Stadium
Q593270,SR Brașov
Q593446,the city ground
Q5937,Märkischer Kreis
Q593866,Canton of Toulouse-10
Q5940,Osnabrueck (district)
Q5940588,north coburg united
Q5941,landkreis vechta
Q5948,wesermarsch district
Q5948518,Hurser Tekinoktay
Q5956,Diepholz district
Q5958,Nienburg district
Q595841,nato countries
Q596214,reichskommissariat niederlande
Q596239,soviet occupation of austria
Q5963,region hannover
Q5964960,hüseyin cengiz
Q5965017,Huesnue Zeybekoglu
Q5965022,husnu cakirgil
Q597,Demographics of Lisbon
Q597004,rheinpark stadion
Q597115,1998 African Nations Cup
Q5974520,iss stadion
Q5978,landkreis hildesheim
Q597945,sivas 4 eylul stadium
Q597980,Ontspanning Door Inspanning Juliana Combinatie Rosmalen
Q597992,Västra Frölunda I.F.
Q5982,Siegen-Wittgenstein
Q5985349,matiyes mete
Q598736,johannesburg stadium
Q599416,Sinope (Paphlagonia)
Q60,new york city
Q600569,Lankaran City Stadium
Q6008444,yeni milasspor
Q6009042,Özge Kavurmacıoğlu
Q601163,Turgay Bahadır
Q601723,Netherlands U17
Q6017673,aysun boyacı
Q6019806,olcay çetinkaya
Q6022368,filiz kadogan
Q6023123,okan çevik
Q602399,ACTO
Q6025379,Kemal Kaynas Stadyum
Q6029131,murat alyüz
Q602918,Vasalund/Essinge IF
Q6029698,Ormanspor
Q603271,fc aarau on loan
Q6035413,mustafakemalpasaspor
Q6035566,nese sensoy yildiz
Q6036237,Sivas Dört Eylül Belediyespor
Q6036484,husnu savman
Q6036826,Konak Tunnel
Q6037667,kayseri sekerspor
Q6037819,muslih peykoğlu
Q6038272,kemal gülçelik
Q6038291,Melike Bakırcıoğlu
Q6039509,Fikret Karabudak Stadium
Q6039559,eskişehirspor (women)
Q6041016,Galip Kulaksızoğlu
Q6041238,yeni salihlispor
Q6041361,uzunköprüspor
Q6042593,Yener Arıca
Q604313,cypriot first division 1980–81
Q6045,Landkreis Peine
Q6045389,Konak Belediyesi
Q6045919,Dumlupınar Stadium
Q6046220,vedii tosuncuk
Q6046310,Muhammet Reis
Q604681,datchforum
Q6046814,Cem Akdag
Q6047937,nagehan aksan
Q6047970,malatya arena
Q6049237,barış aysu
Q6049910,surmenespor
Q6050230,ömer arslan
Q6051135,tekelspor
Q6051463,Cavit Cav
Q6051568,Lale Orta
Q6052818,niyazi sel
Q6052897,Arzu Tan
Q6053055,Silivrispor
Q605326,convention establishing a customs co-operation council
Q6053780,Turkish Women's Second Football League
Q6054151,Ahmed Şerafettin
Q6054194,Halit Deringör
Q6054662,Cevat Seyit
Q6054815,selahattin torkal
Q605498,Osman Ozkoeylue
Q605595,Latin American and Caribbean Economic System
Q6055982,ali cansun begeçarslan
Q6056366,1207 antalya muratpaşa belediye spor
Q6056478,iskenderun 5 temmuz stadium
Q6056937,iskenderunspor 1967
Q6057336,Tevfik Taşçı
Q6057355,Yeşilova S.K.
Q6059067,Abdülaziz Demircan
Q6059086,Mehmet Resat Nayir
Q6059279,Sadik Çiftpinar
Q605947,Kagan Timurcin Konuk
Q6060807,Adana İdman Yurdu
Q6060813,denizli basket
Q6062228,Ümraniyespor
Q606265,de vijverberg
Q6063007,12 subat stadium
Q6063907,Berk İsmail Ünsal
Q6064566,mertcan demirer
Q6065647,IWFC
Q6065830,Ali Gencay
Q6066793,hamdi aslan
Q6066889,sema aydemir-apak
Q6067075,new 4 eylül stadium
Q606803,Estádio Arena da Baixada
Q60681,qatar league
Q6068242,luleburgaz 39 spor
Q606856,het kuipje
Q6069133,nazmi bilge
Q6069786,Refik Osman Top
Q6070874,i̇brahim akdağ
Q6071164,selim mahmud imamoglu
Q607301,1980 Montevideo Treaty
Q6075319,yusuf akbulut (footballer)
Q6075572,Ulvi Yenal
Q6076272,Doğan Erdoğan
Q607752,Wederson Luis da Silva Medeiros
Q6077828,Berat Tosun
Q6078377,Galip Güzel
Q6078837,Şehnaz Dilan
Q607965,Serie C1/A
Q6080023,VANSPOR A.Ş.
Q608027,mustafa ertan
Q608122,kayserispor
Q6081427,Vedat Kapurtu
Q6081540,Melih Kotanca
Q6082587,mehmet bölükbaşı
Q60836,tunay torun
Q60841,Mehmet Ekici
Q6084146,erkan sozeri
Q6084515,Suleyman Ozdamar
Q6084804,Burhan Atak
Q6084884,Ali Kires
Q6085055,berk yıldız
Q6085716,arhavispor
Q6085825,trabzon akçaabat futbol kulübü
Q6085869,Akasya Asiltürkmen
Q6086248,2013-14 la liga table
Q6086996,i̇lkay durmuş
Q608719,Beyoğlu SK
Q6087377,bayram bektaş
Q6087436,israel national under-18 football team
Q6087822,mehmet ali has
Q6088598,Istanbul Cavaliers
Q6088607,istanbul championship league
Q6089043,Reha Eken
Q6089055,eyüp arın
Q6089409,fikret yılmaz
Q6089596,yakup ramazan zorlu
Q6089726,Yiğitcan Gölboyu
Q6090437,Corluspor
Q6090957,Yılmaz Yücetürk
Q6091261,Hasan Ozer
Q6091798,ankara adliyespor
Q6092759,Bursaspor TV
Q6092821,ali sasal vural
Q6093000,zafer tuzun
Q6093113,Uğur Çiftçi
Q6094502,hasan vezir
Q6095543,nevra serezli
Q6095742,mehmet burak kağan uca
Q6095974,Kemal Ozdes
Q6096283,halil eren
Q6096316,Bilgin Defterli
Q6096581,ilhan depe
Q6097460,Amator Futbol Ligleri
Q609757,Fußball-Bundesliga (women)
Q6097629,Yüksel Yesilova
Q6097666,Muzaffer Tokac
Q6098101,Huseyin Cakiroglu
Q6098614,Trabzon Idmanocagi (women)
Q609926,Sportfreunde Siegen II
Q6099597,stadyum samsun
Q61,wash. d.c.
Q6100109,Okan Derici
Q6100464,Turgut Ucar
Q6100927,Seyit Cem Ünsal
Q610175,brazilian série b
Q6102084,ismail kurt
Q6102122,Eyyüp Hasan Uğur
Q6102130,reşit kaynak
Q6102594,Naci Ozkaya
Q6102963,Karagumruk
Q6103420,Ahmet Kandemir
Q6104377,Trabzonspor in European football
Q610456,OFC Sliven
Q610546,Ennio Tardini Stadium
Q6105761,Besiktas J.K. in European football
Q610823,juliper league
Q610886,efta court of justice
Q6112308,Jack Edwards Reserve
Q612227,british columbia place
Q612678,PCC-Stadion
Q612870,musa cagiran
Q612897,Atilla Koca
Q614261,1989-90 1.Lig
Q614470,fatih akyel
Q615150,land-grant universities
Q615362,Anil Karaer
Q615372,anil tasdemir
Q6159273,nahir oyal
Q6163,unna (district)
Q61655,gokhan tore
Q617680,erman kılıç
Q61840,"freiberg, baden-württemberg"
Q6187,Steinfurt (district)
Q618779,awards/sandbox
Q619070,New Meadow
Q619072,prenton park
Q619082,Park View Road
Q61923,United Nations World Tourism Organisation
Q619409,falamer stadium
Q61942,Wachbach (Bad Mergentheim)
Q619505,Leeds united Elland Road Ownership
Q619531,New Fratton Park
Q619558,portman road stadium
Q619863,jd stadium
Q620031,Filbo
Q6214,Vestischer Kreis
Q6218,Gütersloh (Kreis)
Q621824,kingfisher east bengal f.c.
Q6221,Buffalora
Q622212,Egelsbach
Q6224,paderborn rural district
Q622430,Djurgardens IF Fotboll
Q622671,stade du heysel
Q6228,Kreis Höxter
Q623,Fryedk
Q623109,Sports leagues
Q6234,Herford district
Q623678,araban
Q6240734,John Ilhan Memorial Reserve
Q6245,Wesel (district)
Q6257,mettmann rural district
Q625727,Arameiska-Syrianska KIF
Q625773,fernwald
Q6258358,mahmut ozen
Q62589,kingdoms of sweden and norway
Q626045,"Halland, Sweden"
Q626062,sörmland
Q626165,Arabraces
Q626344,Araripina
Q62651,dano-norwegian empire
Q626917,Chamois Niortais
Q6272,aachen region
Q627250,Beijing Worker’s Stadium
Q6275,düren (district)
Q6280,Euskirchen district
Q628059,stadion rote erde
Q628099,Association football manager
Q6287,Rhein-Sieg district
Q628745,Atatürk Kupası
Q629032,baykal kulaksizoglu
Q6295,rhine-berg district
Q629654,Cypriot First Division 1949-50
Q629886,herzlake
Q629932,Spiesen
Q630348,bucaspor
Q630533,"Tire, İzmir"
Q630587,Hasan Ucuncu
Q630890,raufoss idrettslag
Q631,S.S. Ambrosiana
Q631170,"ayas, ankara"
Q6316828,Member State of the Union of South American Nations
Q632156,2008-09 2. fussball-bundesliga
Q632382,Hakan Arıkan
Q6332338,kk čelik
Q6334727,ottawa nasl team
Q633521,a.c. lugano
Q633810,ehringshausen
Q6341873,özgür yasar
Q634235,Tanju Kayhan
Q6345681,kadri kordel
Q6345871,kadikoey rugby
Q6347158,hanefi mahcicek (stadium)
Q635654,lyngby boldklub
Q636315,helmondia '55
Q637120,nazilli
Q63720,Serdar Tasci
Q637238,electorate of baden
Q6373389,Kars S.K.
Q6373917,karsiyaka pinar arena
Q637427,orihuela cf
Q6374779,Kastamonu Gazi Stadium
Q6374940,kasım yıldız
Q637710,Berkant Goktan
Q6380697,kayseri atatürk stadium disaster
Q6381835,Cemal Guersel Stadyumu
Q638268,tsyd kupası
Q6386814,Kemal Akbaba
Q6386824,kemal dinçer
Q6386825,Kemal Faruki
Q6386829,Nejad Kemal Kavur
Q6388863,kendal ucar
Q638938,paris saint germaine racing basket
Q63896,Delemont
Q639014,"kartal, i̇stanbul"
Q639240,eneacossia
Q639349,The Valley (Redditch)
Q63939,baden bei zürich
Q63946,Yverdon VD
Q639525,sv sandhausen 1916
Q639560,tennis borussia
Q639569,eintracht wetzlar
Q639574,Spandauer SV
Q639723,bk häcken
Q6398380,Keys Park
Q64,Berlim
Q640031,stadio friuli
Q64027,Nyon
Q640364,Municipiu (Romania)
Q64044,Bellinzona
Q640726,mulhouse f.c
Q64077,Wil (SG)
Q64099,Brugg (Aargau)
Q641,notable people of venice
Q641212,FedExForum
Q641226,Sports arenas
Q6412727,kingfield stadium
Q641333,Arena-Khimki
Q641369,verbandsliga wurttemberg
Q641373,gençlerbirligi sk
Q641448,arena pantanal
Q641459,Continental Arena
Q641527,arena amazonia
Q64156,Arbon TG
Q6416999,Marske United
Q6417282,norton & stockton ancients f. c.
Q6417318,Needham Market F C
Q642491,Aydin Ors
Q642557,Hillsborough Stadium
Q6428584,komotini municipal stadium
Q6430452,konyaspor kultur och if
Q643107,Denizlispor
Q6431452,koray karagözoğlu
Q643196,Mehmet Akgun
Q6432248,Korhan Ozturk
Q643426,Jan Louwers Stadion
Q6441,Mōns Péssŭlus
Q644315,nadir çiftçi
Q6449636,kvarnby ik
Q6454263,Küçükçekmece S.K.
Q645473,Erkan Kas
Q646035,autonomous region of kosovo and metochia (1945-1963)
Q646042,Murat Sahin
Q646079,Germinal Beerschot
Q646135,new york cosmos (1971–85)
Q646151,Estádio do Algarve
Q6463,f.c. st. pauli
Q646393,Dunajska streda
Q647,condate riedonum
Q647039,sparc europe
Q64785,ümit ergirdi
Q647893,sv westmark 05 trier
Q648,"Lille, France"
Q64831,"kula, turkey"
Q64835,Özcan Arkoc
Q648382,sc veendam
Q6487,attalea in pamphylia
Q649,Moskva
Q649838,aston
Q6499360,Itaipava Arena Fonte Nova
Q649947,"Westend, Berlin"
Q650236,Austrian Football First League
Q650273,Switzerland national under-17 football team
Q650569,Erbaa
Q6505795,member states of the council of europe
Q650630,seleucia on the calycadnus
Q6509,burghas
Q650917,R. E. Virton
Q651688,"beyrouth governorate, lebanon"
Q651714,bulgarian national under-21 team
Q651954,"Adın, Olcan"
Q653119,fc omniworld
Q653277,Partnership for peace
Q6534795,levent yalcin
Q6535209,levent yilmaz
Q6538122,leysin american schools
Q6540832,American liberal arts college
Q654329,estadio nuevo colombino
Q6545712,liga aleph
Q6548,france orleans
Q6549394,Limhamns IP
Q655059,ETB Schwarz-Weiß Essen
Q655175,Estádio do Pacaembú
Q656,leningrad
Q656063,f. l. jahn sportpark
Q65620,tuggen (schwyz)
Q656214,Bekir Ozan Has
Q656433,Yugoslavia national U-21 football team
Q656801,ifc
Q656838,alper potuk
Q656948,Carl Benz Stadion
Q656960,fuchse berlin reinickendorf
Q657127,Xopa
Q658161,Neutral municipality
Q6586648,Leo Stadium
Q6587525,Takhti Stadium(Tehran)
Q6588176,National Sports Center Stadium
Q658994,brugg district
Q659012,stat j u n econ comm eur
Q659212,fussballclub st. gallen 1879
Q659367,niyazi serhat akın
Q6593856,Novi Pazar City Stadium
Q659743,1967-68 Turkish First Football League
Q6600727,List of Turkey national football team managers
Q660133,Olten District
Q6601875,fenerbahçe s.k. (football)
Q6602,"strasbourg, france"
Q660534,arif erdem
Q660554,arif morkaya
Q660572,Arif Peçenek
Q660628,Lausanne (district)
Q662140,Yildirim Bosna S.K.
Q662597,Stadion Hamburger Strasse
Q662673,Volkan Yaman
Q6627746,thessalonikis
Q663492,maastricht upper area control centre
Q663625,St. John's Cadets football
Q663857,Stadio comunale (Chiasso)
Q663896,Stadio del Lido
Q663918,Deniz Naki
Q664316,Pasching
Q664658,ekstraklasa 1955
Q6651,brescia calcio in european football
Q6651354,Kahramanmaras Buyuksehir Belediyespor
Q665920,sg ordnungspolizei lübeck
Q666010,sc verl
Q666024,SC Pfullendorf II
Q666036,sc westfalia herne (football club)
Q666067,sportfreunde lotte
Q6660987,Huseyin Saygun
Q666104,vfb speldorf
Q666128,indiana state
Q666155,preußen berlin
Q666179,mannheimer fc viktoria 97
Q666217,Bern-Mittelland
Q666289,Concordia Basel
Q666430,FC Tuggen
Q666910,Hilmi Ok
Q667174,Stadion brügglifeld
Q667457,Necip Uysal
Q667509,Municipality (Austria)
Q668,ਭਾਰਤ ਗਣਤੰਤਰ
Q668094,het kasteel
Q668147,Konya Atatürk Stadyumu
Q668573,fc chiasso
Q668606,stade olympique de la pontaise
Q668698,fc dornbirn 1913
Q6688521,permanent members of the security council
Q669053,FC Munsingen
Q669073,Nationalliga B (football)
Q669130,yverdon fc
Q669347,lobanovsky dynamo stadium
Q669752,terme
Q669791,ali kemal denizci
Q670438,cashpoint sc rheindorf altach
Q67048,"grabs, switzerland"
Q671101,SC Eisenstadt
Q671287,Stadio Cornaredo
Q671368,sr delemont
Q671514,franz fekete stadion
Q671731,Deniz Barış
Q6722853,Beitar Bat Yam F.C.
Q672305,1. liga classic
Q673073,eyüp
Q6734655,mahmut hoşgiz
Q6734669,mahmut ozgener
Q673651,sc-esv parndorf 1919
Q674182,arctic council action plan
Q674434,endogan adili
Q6744417,malmö idrottsplats
Q674799,FC Bienne
Q675283,dan anyiam stadium
Q6757794,Marconi Stadium
Q6758336,"Emirali, Luleburgaz"
Q676004,wankdorf stadion
Q67631,sercan sararer osuna
Q67639,tas coskun
Q6763959,marina da glória
Q676847,ahmet yıldırım
Q677343,stade municipal (yverdon)
Q677582,Daknamstadion
Q677617,waldstadion (austria)
Q6782507,masalli (village)
Q678425,history of głuchołazy
Q678524,netherlands-indonesian union
Q678582,Switzerland national under-21 football team
Q679521,1970–71 Turkish First Football League
Q679802,Wrestling at the 2008 Summer Olympics - Men's Freestyle 66 kg
Q6799,Neunkirchen Rural District
Q680291,ullevaal stadion
Q6804833,mecnur colak
Q680619,egyptian soccer league
Q6809575,mehmet ali aydınlar
Q6809622,Mehmet Hacıoğlu
Q6809635,Mehmet Leblebi
Q6809649,mehmet kiskac
Q680996,Rafzerfeld
Q6810955,melahat eryurt
Q68111,chiasso
Q68129,olten
Q6813752,meltem akar
Q6814224,Member states of Mercosur
Q6816606,menderes sports hall
Q6820635,mert somay
Q6820644,mertan caner ozturk
Q6820825,Merve Aladag
Q6822157,mestsky stadion puchov
Q6822182,mesut ozgur
Q6822266,MetaArchive
Q682283,breite
Q6823377,Mete Adanir
Q6823383,james metecan birsen
Q6824101,metin tuğlu
Q6824102,Metin Türel
Q682960,engin verel
Q682981,"altındağ, ankara"
Q6832,great ravensburg trading society
Q683351,syrianska föreningen
Q683390,österreichische fußball-regionalliga
Q683476,Professional advisors
Q683648,mr volokin/stadion rankhof
Q6842230,midgårdsvallen
Q684301,sportpark ronhof thomas sommer
Q6850,peine
Q685570,MSV Arena
Q6859880,Turkish Football Talent of the Year
Q686798,Linzer Stadion
Q686826,first vienna fc
Q686860,Keine Sorgen Arena
Q6869,heidenheim an der brenz
Q686984,Civil strife
Q6880,Neunkirchen (Saar)
Q688300,S C Beira-Mar
Q688780,hardturm (stadion)
Q6896,rheda-wiedenbruck
Q68978,thun be
Q689859,IFAD
Q689868,Campos dos goytacazes
Q689889,SV Horn
Q690,duft
Q690006,la blancherie
Q690045,fc le mont
Q690053,Stadio Comunale (Bellinzona)
Q69007,chur gr
Q690082,Urania Genève
Q690129,selim teber
Q690145,Taner Yalcin
Q6903267,History of Roosendaal
Q690430,pappelstadion
Q690476,barış özbek
Q6905,Frankenthal (Palatinate)
Q690821,republic of baden
Q6909309,Morava Zone League
Q692000,Ferhat Coekmues
Q692009,Swedish Superettan League
Q692061,Gurkan Sermeter
Q692105,erhan kavak
Q692122,serkan şahin
Q692186,FC Lustenau 1907
Q692470,Stanford Stadium
Q692534,Swisspor Arena
Q692571,sk viktoria aschaffenburg
Q692586,VfR Aalen
Q692599,TURU Düsseldorf
Q692691,sv 07 elversberg
Q692704,berlin ankaraspor
Q692755,sg sonnenhof grossaspach
Q6931,"boblingen, germany"
Q6932255,Muhafızgücü
Q6932987,Muhammet Hanifi Yoldaş
Q6933005,Muharrem Uz
Q69364,Carouge (GE)
Q6937410,murat karakoc
Q6937422,murat salar
Q6937424,murat selvi
Q6937430,Murat Torun
Q6937441,murat öztürk
Q6937446,Murat İbrahim Uslu
Q693909,mfk košice
Q693911,Bizone
Q693929,monokarton
Q694,zuid-holland
Q6943251,Mustafa Cevahir
Q6943354,Mustafa Cakir
Q6943432,mustafa durak
Q694394,2. Liga Interregional
Q6943982,Mutlu Dervişoğlu
Q694464,FC Gutersloh 2000
Q694589,Special teams (American football)
Q694772,un peacekeeping force in cyprus
Q695008,vfr 04 köln
Q6950448,muefit erkasap
Q6950475,Mujdat Karanfilci
Q6950477,Mujdat Gursu
Q6950479,Müjde Yüksel
Q6950588,Muslum Can
Q6952179,nac stadion heuvelstraat
Q6954,"melle, germany"
Q695784,Karlsruher FV
Q695879,Estadio La Rosaleda
Q695939,khazar lankaran
Q6961,hennef
Q6961313,natalia nasaridze
Q696474,FAC Team für Wien
Q696476,Franz Horr Stadium
Q696491,upc-arena
Q696507,sc austria lustenau
Q696525,Blau-Weiß Linz
Q697338,Ekrem Dag
Q697343,yasin pehlivan
Q69783,muensingen (berne)
Q6978427,national shooting center (brazil)
Q6979,singen (hohentwiel)
Q6979740,National under-21 football team
Q6984304,Neapolis Public Stadium
Q698581,dornbirn (district)
Q698591,"Hohenems, Vorarlberg"
Q698606,Bludenz (district)
Q698621,bezirk bregenz
Q698702,fc trenkwalder admira
Q699036,UN Truce Supervision Organization
Q699184,sv austria klagenfurt
Q699429,atdhe nuhiu
Q699466,Danube River Protection Convention
Q699746,TSV Hartberg
Q699927,"New Tivoli, Aachen"
Q699964,Archduchy of Upper Austria
Q70,Berne (Bern)
Q700264,Provinz Brandenburg
Q700314,dkb-arena
Q700319,taner ari
Q7005353,new antalya stadium
Q700878,second fußball-bundesliga 2010–11
Q7009690,New Konya Stadium
Q701,Noord-Holland
Q7011384,golden one center
Q7012155,akyazı stadium
Q701459,2011-12 2. Bundesliga
Q701510,arrondissement of lille
Q702025,arrondissement of orléans
Q70208,municipalities of switzerland
Q7021,bünde
Q7021618,Nezih Ali Bologlu
Q7021626,Nezir Sağır
Q70221,"Mont-sur-Lausanne, Le"
Q7024,Lugano Festival
Q702455,rb leipzig
Q702642,Arrondissement of toulouse
Q7028,kamen-methler
Q702865,bfc viktoria 1889
Q7032,Filderstadt
Q703265,duchy of franconia
Q7034218,Nihan Kantarci
Q703651,ludwigparkstadion
Q7036638,Nikos Kovis
Q7040,"homburg, saarland"
Q704288,duke of holstein
Q704312,Grand Duchy of Frankfurt
Q7047,Kroetzenach
Q705353,max schmeling halle
Q7056750,North Side High School Gym
Q7059,Heidelsheim
Q706018,Electorate Brunswick-Lüneburg
Q706435,schuecoarena
Q7067345,noyan öz
Q7070105,Nurhayat Hiçyakmazer
Q7070967,nybergsund stadion
Q7074109,oakleigh cannons fc
Q707767,Episcopal principality of Utrecht
Q707813,lists of former hansa cities
Q7081769,okan oztuerk
Q7081770,Okan Özçelik
Q7082662,Oktay Kuday
Q708808,tayfun korkut
Q7089414,Omaha Civic Auditorium
Q7095093,onur acar
Q7095095,onur aydin (footballer)
Q7095097,onur içli
Q7095098,Onur Demirtas
Q7095099,Onur Uras
Q70972,Constitutional Monarchy of Louis XVI
Q71,Génève
Q710110,mehmet oktav
Q7102169,Orhan Atik
Q7102175,Orhan Hacıyev
Q7102177,Orhan Kapucu
Q7102180,Orhan Ucak
Q71084,french empire (1804-1815)
Q7109936,Ottoman Army War College
Q7116208,oyak renault g.s.d.
Q7116774,Oğuz Çalışkan
Q7116778,oguzhan tuzun
Q7118408,t-team fc
Q7128792,sport fighting
Q7130859,panetolikos stadium
Q7131702,panter howitzer
Q713581,kerim zengin
Q713597,Estadio gigante de arroyito
Q713750,History of West Germany
Q713896,Taipei Stadium
Q71390,Deniz Yılmaz
Q71403,Ugur Inceman
Q714112,Artun Akcakin
Q715021,2002 world cup final
Q7156,F.C.Barcelona
Q7159,organinization of african unity
Q7164,world bank
Q716673,Kemal Aslan
Q716680,Umut Kocin
Q7168854,Peristerona Stadium
Q716924,Sueleyman Seba
Q71724,Lorient
Q7174,Popular government
Q71747,Duke of Bretagne
Q7178,Red crescent society
Q718,Play chess
Q718298,turkey super cup
Q718374,"Država Slovenaca, Hrvata i Srba"
Q7184,n.a.t.o
Q718457,hasan guengoer
Q718999,arzu sema canbul
Q719346,Hasan Kabze
Q719388,Ramazan Shahin
Q72,Zürich City
Q720978,den haag stadion
Q720983,Stadion de Goffert
Q721419,Estadio Sao Januario
Q721884,Tinaz Tirpan
Q722056,cihan haspolatlı
Q7223434,aşti̇
Q72259,havenmuiden
Q722970,Saint Petersburg Stadium
Q7230792,port melbourne sc
Q723476,karabagh agdam
Q724065,azerbaijan national football team u-21
Q725073,Ercument Sahin
Q725150,azar karadas
Q725332,GIF Sundsvall
Q725521,2000 African Nations Cup
Q725581,mini estadi
Q725619,Bilal Aziz Ozer
Q725766,mehmet cakir
Q725800,2002 African Cup of Nations
Q726183,tff
Q726288,fenerbahce (istanbul neighbourhood)
Q7264643,paskbergsvallen
Q726468,"canton of saint-claude, jura"
Q7265034,pınar saka
Q726792,2008–09 süper lig
Q727,mokum
Q7270,republic (government type)
Q727078,Stockholms stadion
Q727163,fevzi zemzem
Q727389,Arke Stadion
Q7275,forms of state
Q727531,Márcio Ferreira Nobre
Q727569,yalçin ayhan
Q7278,Party member
Q7284429,Pabellón Raimundo Saporta
Q728796,uche okechukwu
Q7289146,Ramazan Kahya
Q7289153,Ramazan Tavşancıoğlu
Q7291,Badmiton
Q729560,ab-me/randers fc
Q729830,Aykut Erçetin
Q729999,Erguen Penbe
Q73022,Zitterd
Q7302343,recep adanir
Q7302347,Recep Çelik
Q730284,gokhan gonul
Q73065,veendam (plaats)
Q730809,nîmes olympique
Q7309306,regions of victoria
Q7312283,Remzi Sedat Incesu
Q7318,history of germany during world war ii
Q732002,royal antwerp f.c.
Q732656,Iller Bankasi Women's Volleyball
Q732923,fatih
Q732929,newcastle united jets football club
Q734769,Usakspor
Q735937,Metin Tekin
Q735973,stade de la vallee du cher
Q736029,House of Nassau-Siegen
Q736072,Taksim Meydanı
Q7362519,romania national under-19 football team
Q736511,baris memis
Q737093,Stadio Marcantonio Bentegodi
Q7372078,Rowing clubs
Q737547,"Motherwell, Scotland"
Q737714,Bnei Yehuda F.C.
Q737822,Πέργαμος
Q737976,the bradley center
Q738044,Stade de Toulouse
Q738060,RKSV Volendam
Q738126,cypriot first division 1979–80
Q738504,Cypriot First Division 2007-08
Q7386936,rıza şen
Q738962,mustafa denizli
Q739287,panathinaikos bc
Q7393157,jl murphy reserve
Q739376,Selçuk Şahin (footballer born 1981)
Q7395129,SV Wehen II
Q739547,"maltepe, i̇stanbul"
Q7395848,Sabahattin Usta
Q739951,"center province, cameroon"
Q7400384,sailing at the 2016 summer olympics
Q740208,turkish first football league 1966–67
Q740321,Oguz Sabankay
Q7403243,sakip ozberk
Q740385,Mustafa İzzet
Q741098,siege of antioch (1098)
Q741157,Estadio de la Cerámica
Q741382,kapfenberger sv
Q741589,history of wiltz
Q7423963,Sargon Cicek
Q743236,"diest, belgium"
Q743587,Divrigi
Q743812,Association of American Universities
Q7445146,sedat yesilkaya
Q7446389,Primera Nacional de Fútbol Femenino
Q7447448,Selahattin Kınalı
Q7448417,Selim Soydan
Q7448961,selçuk baştürk
Q745038,wolluk
Q7453010,Sercan Görgülü
Q7453011,sercan temizyürek
Q7453020,Serdal Kul
Q7453032,Serdar Guenes
Q7454537,Serhat Ulueren
Q7454538,serhat sagat
Q7454945,serkan acar
Q7454951,serkan silan
Q7454954,serkan yildik
Q7454959,serkan ozdemir
Q7455414,serres municipal stadium
Q7455463,Sertan Eser
Q7459061,Seyhan Cenk Tekelioğlu
Q7459063,seyhan yildiz
Q7459445,sezer sezgin
Q7459643,Seckin Getbay
Q746046,Assyrian national team
Q746516,Bagcilar
Q746718,county borough of birkenhead
Q746811,Malasgert
Q747003,Sercan Yildirim
Q747074,Comuni
Q747209,turkish first football league 1985-86
Q747378,2009–10 Süper Lig
Q748445,Eskisehirspor
Q748725,melbourne heart football club
Q74881,Lu-Da
Q749,"groningen, netherlands"
Q749113,sk kaernten
Q749138,Mjallby AIF
Q749172,stadion an der alten foersterei
Q749589,Go Ahead Eagles Deventer
Q750083,eurobasket 2005
Q750437,skoda xanthi
Q75069,Werdenberg (Wahlkreis)
Q7507,unterstraße
Q750779,Turan-Tovuz IK
Q751820,inonu stadium
Q751823,1975-76 UEFA Cup
Q751826,2019–20 segunda división b
Q752145,Türkiye Kupası
Q7521743,sinan alaagac
Q7521748,demircioğlu
Q7521769,Sinan Uzun
Q752359,euro 2008 final
Q752528,bakirköy
Q75257,Çorumspor
Q753004,Namys Astana
Q753110,Songwriting
Q753135,atacan ozturk
Q753207,Atakan Cangöz
Q753752,Gemlik
Q753778,Atatürk Üniversitesi
Q753882,ataşehir
Q754136,uefa cup 1976–77
Q754327,1990 African Nations Cup
Q754339,if brommapojkarna
Q75445,yozgat province
Q754488,LigaPro
Q754502,Stade Yves du Manoir
Q7546731,Smyrna FC
Q7554672,Sohar Regional Sports Complex
Q755887,atila turan
Q755911,Atilla Birlik
Q755921,atilla özmen
Q7560939,soner sucu
Q7560940,Soner Ergençay
Q7570496,southern stars sc
Q757098,rad belgrade
Q757107,2005 european cup final
Q757170,Atlas Delmenhorst
Q757182,Stadio Renato dall'Ara
Q7572132,SpVgg 05 Oberrad
Q7572134,spvgg fürth ii
Q7572137,SpVgg Unterhaching Amateure
Q75729,Sporting Clube Portugal
Q7576302,spennymoor town f.c.
Q7579842,Sports director
Q758356,atınç nukan
Q75857,Nuri şahin
Q7589318,lycée saint-joseph
Q759156,Erkan Özbey
Q759298,auestadion
Q7596290,Stadion Broodstraat
Q7596731,Stafsinge IF
Q760736,Stade lavallois
Q7618561,Stokesley S.C.
Q7619895,Stora Valla
Q7628339,Studley F C
Q762860,sukru gulesin
Q762943,county of frisia
Q76318,Toronto Skydome
Q76322,yildiray basturk
Q763465,hakan çalhanoğlu
Q763603,Baku guberniya
Q764149,cenk guvenc
Q764830,Araklı
Q765123,yueregir
Q7654668,swedish football division 1 norra
Q7659182,Switzerland national under-16 football team
Q7660195,Sydney United Sports Centre
Q7666455,sogutlu athletics stadium
Q7671747,TSV 1860 München Amateure
Q767468,Gokhan Unal
Q767558,mexico 68'
Q7678510,halil paşa topçu kışlası
Q7681154,"tamer tuna (footballer, born 1991)"
Q7682558,Taner Demirbas
Q7687059,tarık daşgün
Q768714,Portadoon
Q768895,1973-74 turkish first football league
Q7689783,Tayfun Ridvan Albayrak
Q7689784,Tayfun Seven
Q7689786,Tayfur Bingol
Q7689788,tayfur emre yilmaz
Q7692565,technology development foundation of turkey
Q769512,Bosnia and Herzegovina national under-21 football team
Q7695354,Tekin Sazlog
Q7695654,telat uzum
Q7696166,telefoncular fc
Q7700297,Tennis Borussia Berlin (women)
Q7703383,Terrein achter de Watertoren
Q770552,turkish first football league 1984-85
Q7707,h2o polo
Q7707129,Tevfik Altindag
Q771,Massacheusetts
Q771678,orhan gülle
Q772861,margraviate of antwerp
Q773,overijssel (département)
Q774413,Bulent Under
Q774783,Soeverein Vorstendom der Verenigde Nederlanden
Q775,gelderlanders
Q775225,history of uzunköprü
Q775542,serdar ozbayraktar
Q7757142,The Pilot Field
Q776,utrecht (provincie)
Q776593,Onur Ayık
Q7768,association of south-east asian nations
Q777672,tannadice
Q777926,De Adelaarshorst
Q778126,intelsat 18
Q77834,okan aydin
Q7785,Commonwealth of Nations
Q78,Basilea
Q7804,the imf
Q780539,Atlético Madrileño
Q780735,bk frem
Q7807701,Timur Yanyali
Q7809,unesco
Q7813519,Gaziosmanpaşa Stadyumu
Q7814249,Tolgay Özbey
Q7817,world health organisation (who)
Q781843,feyyaz uçar
Q782012,australia women's football (soccer) team
Q782070,oktay derelioglu
Q782387,fc oberneuland ii
Q7825,World Trade Organization General Council
Q782660,Yılmaz Vural
Q782942,australian group
Q7831112,Trabzon Football League
Q7831114,trabzonspor a2
Q783301,nordfjordeid
Q7835560,darb-ı sak
Q783930,opštine u srbiji
Q784379,Thamer Stadium
Q784770,BioNutria Park Randers
Q7851448,tufan esin
Q7852800,Tunahan Cicek
Q7852870,Tunch Ilkin
Q7855039,turkey national under-23 football team
Q7855163,turkey national amputee football team
Q7855167,Turkey national under-19 football team
Q7855168,Turkey national under-20 football team
Q7855271,Turkish Futsal Championship
Q7855290,Ottoman War Academy
Q7855307,bölgesel amatör lig
Q7855349,Turkish football clubs in European competitions 1990-99
Q7857303,tugba karakaya-koyuncu
Q7857311,Tuğçe İnöntepe
Q7862456,Türkan Erişmiş
Q787124,vivekananda yuba bharati krirangan
Q787409,Volkan Şen
Q787437,Necati Ates
Q7875112,Stadium of Light (Lisbon)
Q7878781,Ulas Guler
Q7880,Ville rose
Q7881870,umut kekilli
Q7895554,University of Indianapolis Press
Q789769,cbss
Q7899,landkreis fulda
Q79,Names of Egypt
Q7904,Gießen (district)
Q7904317,Kurkoeln
Q7905,lahn-dill
Q7905149,Uzun Yusuf
Q7905366,ugur arslan kuru
Q7905374,Ugur Kapisiz
Q7905376,Ugur Erdogan
Q7905380,Ugur Isikal
Q7907,Rheingau-Taunus-Kreis
Q7908589,vahap isik
Q7908591,Vahap Ozaltay
Q7909,main-taunus
Q7910,Wetteraukreis
Q7911,main-kinzig-kreis
Q791164,Avispa fukuoka
Q7912,landkreis offenbach
Q7915372,Var misin? Yok musun?
Q791567,bayrampaşa
Q791607,Basaksehir
Q7917937,Vedat Uysal
Q7920,Münsterland
Q7923,regierungsbezirk detmold
Q7924,arnsberg (region)
Q7924284,VfL Bochum Amateure
Q7926,Regierungsbezirk Düsseldorf
Q7927,Governmental district Cologne
Q792898,Aydin Yilmaz
Q792916,aydınspor
Q792946,ayhan gezen
Q792953,Tuna Üzümcü
Q792977,aykut demir
Q792999,Aykut Yigit
Q793007,aykut kocaman
Q793009,Aykut Çeviker
Q793016,aykut ozturk
Q7932,darmstadt (region)
Q793314,Aytac Ak
Q793318,aytac kara
Q793319,aytaç sulu
Q793379,ayvalikgucu belediyespor
Q793383,Kydoniai
Q794,Persian State of Iran
Q7940221,Volkan Bekci
Q794235,Tunisian National Championship
Q794351,beicos bay
Q794382,"beypazari, ankara"
Q795345,Atlanta Olympic Stadium
Q796,komara iraqê
Q796170,Bk forward
Q796678,FA Cup Final 1890
Q797026,BSV Olper 2000
Q797165,bv cloppenburg (women)
Q797414,Bulgarian Second League
Q79760,Bingol Province
Q79808,Constanca
Q79815,milhusa
Q79840,ardahan
Q79846,"Aydın İli Province, Turkey"
Q79857,cogni
Q79859,2014 WC
Q7988367,Western Sydney Wanderers FC (W-League)
Q79911,casualties of the russian civil war
Q799805,bafra
Q800068,cenk sahin
Q800217,bahar doğan
Q800230,bahattin köse
Q80034,ermeni kıyımı
Q80036,amasya province
Q80051,Agri Ili Province
Q80088,Burdur Province
Q801,ISRAEL
Q803,"Utrecht, Netherlands"
Q803670,bahtiyar yorulmaz
Q80370,êlih
Q8037918,wrestling at the 1996 summer olympics - men's greco-roman 62 kg
Q804428,baki mercimek
Q804557,bakirkoyspor
Q8047234,Yakup Gor
Q8047237,Yakup Sertkaya
Q8050427,Yavuz Şimşek
Q8050668,yağmur uraz
Q8050673,yağız göktuğ taşbulak
Q805073,Balkan Cup
Q80550,Van Province
Q8055539,"york road, maidenhead united f.c."
Q80561,"Antiocheia, Hatay"
Q805909,balikesirspor
Q8061400,yunus i̇çuz
Q8061402,yunus cankaya
Q8061943,Yusuf Emre Gültekin
Q8061986,Yusuf Soysal
Q8061991,yusuf yilmaz
Q8062001,yusuf öztürk (footballer)
Q8062631,yılmaz şen
Q806415,Bandirmaspor
Q8064279,zafer kılıçkan
Q8064280,Zafer Kalaycıoğlu
Q8064289,zafer şakar
Q806456,Bangabandhu Stadium
Q8066722,zarema khalilova
Q8067594,zaza enden
Q8068673,zeki önatlı
Q8068773,Zeliha Şimşek
Q8069966,zeytinburnu stadium
Q807,"lausanne, switzerland"
Q80702,Spanish Empire
Q8077542,group carsi
Q807762,Barbaros Barut
Q8077752,Cigdem Dede
Q8078961,omer sepici
Q8079132,ozge gurler
Q8079144,Özlem Becerikli
Q8079147,Özlem Kaya
Q8079465,Ümit Bilican
Q8079469,ümit bozkurt
Q8079472,Ümit Sonkol
Q8079473,Umit Can Batman
Q8079476,Ümit Kayıhan
Q8079477,Ümit Turmuş
Q807966,brooklyn nets arena
Q8080018,Ibrahim Arat
Q8080021,i̇brahim ege
Q8080052,i̇hsan sabancı
Q8080112,Inanc Koc
Q8080162,İpek Derici
Q8080175,İrfan Saraloğlu
Q8080178,i̇sa kaykun
Q8080193,İskender Köksal
Q8080210,Ismail Keles
Q8080211,İsmail Köse
Q8080212,Ismail Kartal
Q8080222,Ismail Ozgur Goktas
Q8080262,İzmit Büyükşehir Belediyesi SK
Q8080277,izzet kaya
Q8082477,Senol Fidan
Q8082483,Şenol Birol
Q8082485,şenol çorlu
Q8082488,Seref Stadium
Q8082620,sukran albayrak
Q8082909,central region (serbia)
Q80845,sport club internacional b
Q808661,Mustafa Ozkan
Q809709,barış başdaş
Q809714,bariş örücü
Q810,Name of Jordan
Q81046,tchålerwè
Q810916,Battalgazi
Q81096,list of famous engineer
Q811050,Batuhan Karadeniz
Q812,agriculture in florida
Q812098,turkish women's first football league
Q812127,Bayelsa United
Q812128,Bayer 04 Leverkusen (women)
Q812335,bavarian football association
Q812592,Bayram Olgun
Q812593,Bayrampasaspor
Q812595,bayram şit
Q81274,Eurobasket 2009
Q812746,prime minister's cup
Q81279,Guildhall (London)
Q812802,BeNe League (women)
Q81299,helsinki protocol
Q8132,1924 paris
Q8138,The 1928 Summer Olympics
Q814517,parasports
Q814550,behram zulaloglu
Q814738,beijing football club
Q81492,Türk Telekom Arena
Q8150,Berlin Olympic Games
Q815029,bekir yilmaz
Q815037,irtegun bekir
Q815324,Belde
Q815349,belediye vanspor
Q81551,Konya Province
Q815515,Belgium national under-21 football team
Q815571,the sse arena wembley
Q815833,Stade de la Mosson
Q815913,"lagos state, nigeria"
Q81643,"manavgat, antalya"
Q817,kuwet
Q8172,Stuttgart region
Q81726,"Aspach, Baden-Wuerttemberg"
Q817497,benjamin fuchs
Q8177,Rhein-Neckar district
Q8178,landkreis karlsruhe
Q81788,El Gîza
Q818698,Velež
Q818735,The CoreStates Center
Q81888,ajax fc
Q819125,Hanover Province
Q819179,St. Andrews (stadium)
Q819322,Bergama Belediyespor
Q819354,casseler fv
Q819367,ssv reutlingen
Q819382,Borussia Neunkirchen
Q819400,SV Meppen (women)
Q819419,vfr wormatia worms
Q819597,ersen martin
Q81978,Cadiz province
Q819832,Volkan Ekici
Q81997,History of Boulogne-sur-Mer
Q820135,Dilaver Güçlü
Q820143,Olcay Şahan
Q820148,Eser Yağmur
Q820154,Nurettin Kayaoğlu
Q8203,schwarzwald-baar-kreis
Q820773,berk neziroğluları
Q820791,sparda bank hessen stadium
Q820816,Berkay Tolga Dabanlı
Q820817,Berkay Can Degirmencioglu
Q820820,berkay samanci
Q82089,Bolu province
Q82096,Denizli ili
Q821097,verbandsliga berlin
Q821115,Erdgas Sportpark
Q82151,onuaa
Q8217,Landkreis Reutlingen
Q82174,Brashov
Q822,Lebannon
Q822021,Tours F.C.
Q8221,Alb Donau district
Q8225,Ravensburg (district)
Q822742,Ensar Baykan
Q822762,kerem demirbay
Q822825,tus erndtebruck
Q822886,BT Cellnet Riverside Stadium
Q82294,vivint.smarthome arena
Q8230,landkreis sigmaringen
Q823128,tus dornberg
Q823876,serkan atak
Q823922,burhanettin kaymak
Q823933,kaan söylemezgiller
Q823947,Fatih Ceylan
Q823959,"selçuk şahin (footballer, born 1983)"
Q823974,Detlef Müller
Q823989,haluk türkeri
Q824004,bilal çubukçu
Q82414,history of the winter olympic games
Q824366,Oguzhan Kefkir
Q824377,Murat Kalkan
Q824414,Mirkan Aydın
Q824423,soner uysal
Q824433,Rahman Soyudoğru
Q824590,cenk isler
Q824850,Gaziantep Büyükşehir Belediyespor Kulübü
Q82500,sankt polten
Q82595,fussball bundesliga
Q826,maldive
Q826107,1996 African Cup of Nations
Q826212,VfB Oldenburg II
Q826386,Hamburger SV (women)
Q826480,Exhibition Centre London
Q826700,i.e.p. agreement
Q82709,"stadio ""san paolo"" di napoli"
Q827525,International Development Association
Q828338,tsv 1861 noerdlingen
Q82838,freudenstadt
Q828677,Bertul Kocabas
Q829019,burak can kunt
Q82902,erkan
Q82917,Zell am Andelsbach
Q82955,Politician
Q830084,prince of wolfenbuettel
Q830153,tsv ampfing
Q83032,county of urach
Q830528,velodrome
Q83061,Van city
Q83062,Donaueschingen
Q83069,sakarya province
Q830717,serie c2/b
Q83073,Aksaray Province
Q83077,kars province
Q83081,Diyarbakir Province
Q830826,Nigeria Premier League
Q83102,edirne province
Q831254,brandt hagen
Q83157,palanquinha (2010 africa cup of nations mascot)
Q831602,eintracht norderstedt
Q83178,"Almere, Netherlands"
Q831872,Volkan Altın
Q831879,"Musa ""kila"" Celik"
Q831887,fc ismaning
Q831896,hamza çakır
Q831908,Ugur Albayrak
Q831952,orkan balkan
Q832125,eren sen
Q832129,abdullah elyasa süme
Q832137,Osman Tarık Çamdal
Q832159,deniz dogan
Q832166,Ferhat Bikmaz
Q832172,Cihan Yilmaz
Q832193,Durmus Bayram
Q832205,Salih Altın
Q832650,BWT-Stadion am Hardtwald
Q832705,Tayfun Pektürk
Q83274,province of hatay
Q832856,Verbandsliga Brandenburg
Q83286,republic of yugoslavia
Q833,malaysian federation
Q833234,Tuja-Stadion
Q83342,Province of Bartın
Q83387,Kara Amid
Q83407,Mons
Q83457,Aeroflot Stadium
Q83462,🏋️
Q835000,Tutin Municipality
Q83531,Bilis
Q835749,brita-arena
Q835763,stadion am bruchweg
Q836130,kenan şahin (footballer)
Q836852,TSG Sprockhoevel
Q836857,TuS 1906 Heeslingen
Q836866,FSC Lohfelden
Q837205,Kongsvinger IL Toppfotball
Q83753,gabriel ozkan
Q838112,"History of Wheeling, West Virginia"
Q838116,G4 nations
Q838261,FRY
Q838534,Parana Clube
Q83891,Middle Persian Empire
Q83958,merides
Q83965,Kocaeli Province
Q839954,Archaeological district
Q839958,1993 uefa european under-16 championship
Q84,united kingdom/london
Q840040,Rize Atatürk Stadı
Q840044,yenikent asaş stadyumu
Q840069,Hellinicon Stadium
Q840258,B.çekmece
Q8403,Bids for the 1948 Summer Olympics
Q8407,helsinki olympic games
Q8407142,tirespor
Q8411,Melbourne 1956
Q841152,Hobro IK
Q841296,Pibrans
Q841378,DAC Dunajská Streda
Q841384,Poljud Stadium
Q8415,Games of the XVII Olympiad
Q8418,wheelchair handball
Q842,سلطنة عُمان
Q8420,Bids for the 1964 Summer Olympics
Q842112,socialist countries
Q842490,organization for the prohibition of chemical weapons
Q8429,olympic games 1968
Q843530,uefa cup winners cup 1981-82
Q844271,vissel kobe
Q844931,kashiwa reisoru
Q846,Languages of Qatar
Q8466,bavaria kaiserslautern
Q847,indoor tennis
Q8470,seoul 1988
Q847017,Multisport club
Q8475,OIPC
Q847587,salernitana
Q847663,valsta syrianska
Q847676,"ohio county, virginia"
Q848633,ICC Publications
Q8488,summer olympics of 1992
Q849139,k.s.k.beveren
Q849239,Estadio Municipal de Braga
Q849497,Bithra
Q849544,k v c westerlo
Q849584,history of jaraguá do sul
Q849866,Communist State
Q85,abdeen (cairo)
Q850132,cameroon première division
Q8507,Groupama Stadium
Q851446,qinhuangdao olympic sports centre stadium
Q851679,Lokomotiv Stadium (Mezdra)
Q8517,main-tauber district
Q8520,landkreis schwabisch hall
Q852033,Perth Glory
Q8523,Landkreis Heidenheim
Q8525,Göppingen (district)
Q8531,1996 summer olympic venues
Q853182,beylerbeyi s. k.
Q8533,Esslingen (District)
Q8536,landkreis böblingen
Q854122,Stade Bollaert Delelis
Q854141,haarlem f.c.
Q854167,fortuna sittard
Q8544,2000 summer olympic games
Q854669,Beşiktaş J.K. (basketball)
Q855199,club deportivo atletico baleares
Q8558,2004 Olympic Game
Q856426,District of Prishtina/Priština
Q8565226,fox sports turkiye
Q8566,Landkreis Alzey-Worms
Q8567,2008 Summer Games
Q8572,landkreis bad kreuznach
Q8577,2012 summer olympics in london
Q857938,i̇stanbul büyükşehir belediyespor (football team)
Q859528,referee whistle
Q859563,Secular rule
Q860276,bilal gülden
Q860285,bilal kisa
Q8606,Landkreis Neuwied
Q860790,frozen tundra
Q861000,Stade Geoffroy Guichard
Q861838,bilino polje
Q862773,oğuzhan türk
Q8639,hellas verona f c
Q864298,championnat de france de football national
Q864855,Georgia Tech.
Q865,tâi-oân
Q865720,borussia dortmund amateure
Q865827,Birol Hikmet
Q8663,Korean Police Action
Q866716,Jalayirids
Q867234,nya malmoe stadion
Q8673,metropolitan lagos
Q8678,Rio de janeiro
Q867902,stadiwm dinas caerdydd
Q8682,real madrid club de fútbol
Q8684,sangwon middle school (seoul)
Q869,ประเทศไทย
Q869929,tsg backnang
Q8701,Atletico Madrid
Q870291,fc chur
Q870640,Yasin Yılmaz
Q870859,bloomfield road
Q871056,ersin demir
Q871419,Bezirkshauptmannschaften
Q8717,"Sevilla, Sevilla"
Q871938,Volkan Kahraman
Q872250,bundesstadion sudstadt
Q8723,real betis balompié
Q872545,fc wels
Q872808,Waldstadion (Aalen)
Q872915,holstein-stadion
Q873407,sv wienerberg
Q8740,American war crimes in Vietnam
Q874622,stadion wiener neustadt
Q874674,Bulent Kaan Bilgen
Q874677,tsg wörsdorf
Q874689,SV Bonlanden
Q8749,real club celta
Q875120,Sc Cambuur Leeuwarden
Q875169,f. c. den bosch
Q875538,Public college
Q8760,depor
Q876176,ayasoluk
Q876301,2015 afc asian cup final draw
Q876568,MVV Maastricht
Q876583,Donawitzer SV Leoben
Q876699,evv eindhoven
Q876784,cem karaca (footballer)
Q876903,Cem Atan
Q877105,hüzeyfe doğan
Q877394,sercan bilinç güvenışık
Q877617,sg egelsbach
Q878,United Arab Emirates government
Q8780,Real Club Deportivo Español
Q878622,merck-stadion am böllenfalltor
Q878642,oberliga baden-wuerttemberg
Q880058,Stadion am Zoo
Q880075,Lohrheide-Stadion
Q8806,getafe fc
Q880881,mommsenstadion
Q881,CHXHCN Vietnam
Q881150,ffc heike rheine
Q881513,Leimbach Stadion
Q8818,"Valencia, Spain"
Q8826,"palma, majorca"
Q8835,Real Mallorca
Q883806,moselstadion
Q884,S. Koreans
Q884990,fsv 1926 fernwald
Q885182,VfL Kirchheim/Teck
Q885184,sgv freiberg
Q885196,sc fürstenfeldbruck
Q8856,Straelen
Q885674,rochester war memorial
Q888335,sportpark berg en bos
Q8908,councils of europe
Q891679,Boluspor
Q8919,European Atomic Energy Community
Q8932,eea agreement
Q893284,Bora Kork
Q893293,bora öztürk
Q893308,afc eskilstuna
Q894012,bornova
Q894325,borchkha
Q896220,Bozüyükspor
Q897533,BDTBL
Q898746,brann stadion (norway)
Q899770,International Centre for the Settlement of Investment Disputes
Q90,Sport in Paris
Q900,Carzan
Q9009,schafhusen
Q900933,Süper Lig 2005-06
Q901691,Süper Lig 2001–02
Q902814,Frontier town
Q903595,volendam
Q903860,asim ferhatović hase stadium
Q908,Rostov-na-donu
Q90870,Brussels-Capital administrative Arrondissement
Q90895,arrondissement of antwerpen
Q9093,Bulach ZH
Q90948,arrondissement of gent
Q90954,Arrondissement of Sint-Niklaas
Q910370,Mineirão
Q910450,Iğdırspor
Q910453,EC Juventude
Q911847,FIFA women 2015
Q912417,The Intercontinental Derby
Q9125,Wintertur
Q913562,1997–98 1.lig
Q914294,turkish first football league 1962–63
Q915241,Samsun 19 Mayis Stadyumu
Q915429,Olti
Q915883,Tokatspor
Q916,🇦🇴
Q916259,nuri fatih aydin
Q916904,korfez belediyespor
Q916923,1999–2000 Turkish First Football League
Q917182,Military Academy
Q917727,the matchroom stadium
Q917845,gipuzkoarena
Q9183480,Taksimspor
Q919026,Hamza Hamzaoğlu
Q919232,Recep Çetin
Q919302,Lefter Kuecuekandonyadis
Q920263,hertha bsc amateure
Q921321,hesperange
Q922443,Mehmet Guven
Q924252,mylasa
Q924604,remzi giray kaçar
Q9248,Baku Oilfields
Q9253396,Emel Dereli
Q925654,Fenix Stadion
Q926668,hasan doğan
Q927406,SVZW
Q928090,sabih arca
Q928543,"Sivrice, Elazığ"
Q928830,rapid transit station
Q929109,Coliseum Alfonso Perez
Q929124,serie a (basketball)
Q929166,Cumhur Yılmaztürk
Q929315,El Molinon
Q929341,NSWPL
Q929360,mersin i̇.y
Q930369,Panthessaliko
Q931253,Orkun Uşak
Q931704,ofi crete fc
Q932024,Faruk Nafiz Özak
Q93209,hakkâri il
Q932166,gungoren
Q932886,kadikoy
Q93338,ayntab
Q93347,"mostar, bosnia"
Q933690,Městský stadion (Mladá Boleslav)
Q933897,denizli belediyespor
Q93392,leuven arrondissement
Q934321,1996–97 1.lig
Q934528,Camphin-en-Pevele
Q9347,Male' city
Q935022,McDowell Mohun Bagan AC
Q93515,arrondissement of hasselt
Q935299,husqvarna ff
Q93549,Tongeren administrative Arrondissement
Q935604,skarsjovallen
Q93577,Arrondissement of maaseik
Q936079,Musa Aydin
Q936102,Ibrahim Dagasan
Q936379,Selcuk inan
Q936842,eren albayrak
Q937239,Syrianska IF Kerbura
Q937678,türkiye kadın millî futbol takımı
Q937857,Association football player
Q937866,Adapazari Atatuerk Stadium
Q937898,orhan ak
Q93831,arco arena
Q938562,maçka
Q939101,vardarian banovina
Q93989,Arrondissement of verviers
Q94000,liège administrative arrondissement
Q9408,Barnet F.C.
Q941328,Alacati
Q94152,Harun Erbek
Q941740,turgay şeren
Q941828,jerusalem governorate
Q941983,Ali Turan
Q942003,sedat artuç
Q942014,okan yilmaz
Q942041,serkan aykut
Q942054,roman dabrowski
Q942073,mandemakers stadion
Q942151,serdar aziz
Q942760,burak kaplan
Q943105,rio group
Q944236,orhan cikirikci
Q9448,FA Premier league
Q945070,estadio josé rico perez
Q945363,Ergani
Q945388,history of polatlı
Q945404,Maypherkat
Q94593,kocaali
Q945940,Bulent Eken
Q945955,Erol Yasin
Q946415,yavuz özkan (footballer)
Q946426,muhammet demir
Q946447,Erkin Caner
Q946473,umut bulut
Q946559,Ufuk Ceylan
Q947749,turkish first football league 1982-83
Q947940,mahmut ertugrul taskiran
Q948,Name of Tunisia
Q94946,stadio mario rigamonti
Q950240,free city of luebeck
Q950336,Ferhat Öztorun
Q951148,Turkish First Football League 1965–66
Q951211,Mehmet Topuz
Q953595,Can Erdem
Q953600,Nuevo Estadio
Q953663,Kras Stadion
Q953972,furkan aldemir
Q953983,suat mamat
Q954174,Paralimni
Q955561,Kulp District
Q955872,welling united f. c.
Q956,Bei-Jing
Q957653,"Itu, Brazil"
Q958008,umm-salal sport club
Q958135,Marsiwān
Q958185,estádio plácido aderaldo castelo
Q958291,United Principalities
Q958319,the valley (football ground)
Q958785,eschen/mauren
Q959186,swedish football division i
Q959341,enp paralimni fc
Q959934,stade maurice dufrasne
Q96,United States of Mexico
Q961059,Gaziosmanpaşaspor
Q9616,chelsea football club
Q9617,arsenal f.c.
Q962251,erdi oner
Q963385,2010–11 Cypriot First Division
Q963947,"Ovacik, Dersim"
Q964711,Spor-Toto Cup
Q965,Burkina Fatso
Q9653,Ipswich Town FC
Q965994,black aces fc
Q967071,Kalecik District
Q9674,2010 Vancouver Games
Q967755,emin aladag
Q9678,winter olympics 2014
Q96890,robin yalçın
Q969140,El-Gawafel Sportives de Gafsa
Q970212,ismail isa mustafa
Q970281,Gökay İravul
Q971375,shewa
Q971568,Jatei
Q971740,Ugur Ucar
Q972,huiswaard
Q973219,Soner Aydogdu
Q973312,Championnat de France Amateurs 2
Q974,République démocratique du Congo
Q975826,cueneyt koez
Q976396,Lob city
Q977098,mustafa pektemek
Q9777,"venlo, netherlands"
Q978160,kosovo superliga
Q978904,nib Stadium
Q979470,Seine and Oise
Q9796,kerkrade
Q980671,Cypriot First Division 1970-71
Q981326,Ferhat Kaplan
Q982447,mervan celik
Q9826,senior high school
Q982837,linköping arena
Q982889,RCFF Colombes 92
Q9832,un/locode:nlein
Q983414,Moses Hamon
Q983806,Campo de Futbol de Vallecas
Q9844,Hellimond
Q985,P:BW
Q985462,"Nikaia (Athens), Greece"
Q9859,"oss, netherlands"
Q987939,ionikos nikaias f.c.
Q988069,"of, trabzon"
Q988147,bulanık
Q989553,muğlaspor
Q989883,Bueyuekada Island
Q9899,Municipality of Amsterdam
Q990201,kağızman
Q990215,Golhisar
Q990305,Karakocan
Q990414,Umm Şalāl
Q990488,Luftkurort
Q991419,estadio gran canaria
Q992,Remco Reiding
Q9920,haerlem
Q99321,Erhan Albayrak
Q994,Tifflis
Q994217,Sjenica
Q994701,fc bayern munich amateure
Q994811,SV Wüstenrot Salzburg
Q995069,FK Novi Pazar
Q995122,unknown 13/stade sous-ville
Q995867,brøndby stadium
Q996056,"eregli, konya"
Q996077,tirebolu
Q996670,"Urla (District), Izmir"
Q9970,Flevus
Q997619,Buca Arena
Q9978,zaanstad
Q999035,West Sydney FC
Q999346,Ofspor
Q999392,buckshaw stadium
